Code,Description
1000101,"Afognak Lake, AK: Afognak Lake Airport"
1000301,"Granite Mountain, AK: Bear Creek Mining Strip"
1000401,"Lik, AK: Lik Mining Camp"
1000501,"Little Squaw, AK: Little Squaw Airport"
1000601,"Kizhuyak, AK: Kizhuyak Bay"
1000701,"Klawock, AK: Klawock Seaplane Base"
1000801,"Elizabeth Island, AK: Elizabeth Island Airport"
1000901,"Homer, AK: Augustin Island"
1001001,"Hudson, NY: Columbia County"
1001002,"Hudson, NY: Columbia County"
1001101,"Peach Springs, AZ: Grand Canyon West"
1001102,"Peach Springs, AZ: Grand Canyon West"
1001201,"Blairstown, NJ: Blairstown Airport"
1001301,"Crosbyton, TX: Crosbyton Municipal"
1001401,"Fairbanks/Ft. Wainwright, AK: Blair Lake"
1001402,"Fairbanks/Ft. Wainwright, AK: Blair Lake"
1001501,"Deadmans Bay, AK: Deadmans Bay Airport"
1001601,"Hallo Bay, AK: Hallo Bay Airport"
1001701,"Red Lake, AK: Red Lake Airport"
1001801,"Shell Lake, AK: Shell Lake Airport"
1001901,"Kougarok, AK: Navigator Airstrip"
1002001,"Selawik, AK: Roland Norton Memorial Airstrip"
1002002,"Selawik, AK: Roland Norton Memorial"
1002101,"Pillar Bay, AK: Pillar Bay Airport"
1002201,"Johnstone Point, AK: Johnstone Point Airport"
1002202,"Johnstone Point, AK: Johnstone Point Airport"
1002203,"Johnstone Point, AK: Johnstone Point Airport"
1002301,"Tikchik Lodge, AK: Tikchik Lodge Airport"
1002302,"Tikchik Lodge, AK: Tikchik Lodge Airport"
1002401,"Bell Creek, AK: Bell Creek Airport"
1002501,"Cinnabar, AK: Cinnabar Airport"
1002601,"Mountaintop Mine, AK: Mountaintop Mine Airport"
1002701,"Whitebear, AK: Whitebear Airport"
1002801,"Puviaq, AK: Puviaq Airport"
1002802,"Puviaq, AK: Puviaq Airport"
1002901,"Arley Lake, AK: Arley Lake Airport"
1003001,"Port Vita, AK: Port Vita Airport"
1003101,"Kantishna, AK: Kantishna Airport"
1003102,"Kantishna, AK: Kantishna Airport"
1003301,"Alpine, AK: Alpine Airstrip"
1003401,"Serpentine, AK: Serpentine Airport"
1003501,"Driftwood Bay, AK: Driftwood Bay Airport"
1003601,"Bradley Lake, AK: Bradley Lake Airport"
1003701,"Chilkat Lake, AK: Chilkat Lake Airport"
1003801,"Nugget Creek, AK: Nugget Creek Airport"
1003901,"Ivotuk, AK: Ivotuk Airstrip"
1004001,"Pogo Mines, AK: Pogo Mines Airport"
1004101,"Ayakulik River, AK: Ayakulik River Airport"
1004201,"Kiluda Bay, AK: Kiluda Bay Airport"
1004301,"Terror Lake, AK: Terror Lake Airport"
1004401,"Selief Bay, AK: Selief Bay Airport"
1004701,"Laura Lake, AK: Laura Lake Airport"
1004901,"Deep Bay, AK: Deep Bay Airport"
1005001,"Kako, AK: Kako Airport"
1005002,"Kako, AK: Kako Airport"
1005101,"Molly Creek, AK: Molly Creek Airport"
1005201,"Ptarmigan Lake, AK: Ptarmigan Lake Airport"
1005301,"Cape Simpson, AK: Cape Simpson Airport"
1005401,"Kogru River, AK: Kogru River Airport"
1005402,"Kogru River, AK: Kogru River Airport"
1005501,"Teshepkuk Lake, AK: Teshepkuk Lake Airport"
1005601,"Kodiak Island, AK: Trident Basin Seaplane Base"
1005801,"Lake Florence, AK: Lake Florence Airport"
1005901,"Lake Hasselborg, AK: Lake Hasselborg Airport"
1006001,"Distin Lake, AK: Distin Lake Airport"
1006101,"Port Hobron, AK: Port Hobron Airport"
1006201,"Mooseville Airstrip, AK: Mooseville Airstrip Airport"
1006301,"Big Bay, AK: Big Bay Airport"
1006401,"Wien Lake, AK: Wien Lake Airport"
1006501,"Silver Salmon Creek, AK: Silver Salmon Creek Airport"
1006601,"Blear Lake, AK: Blear Lake Airport"
1006701,"Cannery Bay, AK: Cannery Bay Airport"
1006901,"Bear Lake, AK: Johnsons Landing"
1007001,"International Seafoods, AK: International Seafoods Airport"
1007002,"International Seafoods, AK: International Seafoods Airport"
1007101,"Cosna River, AK: Cosna River Airport"
1007201,"Ivatuk, AK: Ivatuk Airport"
1007401,"Cape Sarichef, AK: Cape Sarichef AFS"
1007402,"Cape Sarichef, AK: Cape Sarichef Airport"
1007501,"Taylor Mountain Mine, AK: Taylor Mountain"
1007601,"Yukon Charley Rivvers, AK: Coal Creek"
1007602,"Yukon Charley Rivvers, AK: Coal Creek"
1007603,"Yukon Charley Rivvers, AK: Coal Creek"
1007801,"Karluk Portage, AK: Karluk Portage Airport"
1007901,"Hope, AK: Hope Airport"
1007902,"Hope, AK: Hope Airport"
1007903,"Hope, AK: Hope Airport"
1008001,"Viekoda Bay, AK: Viekoda Bay Airport"
1008201,"Cold Bay, AK: Cathedral Strip"
1008301,"Village Islands, AK: Village Islands Airport"
1008401,"Homer, AK: Bear Cove Farm"
1008501,"Chinitna Bay, AK: Chinitna Bay Airport"
1008601,"McKinley Park, AK: McKinley National Park"
1008701,"Nanwalek, AK: Dog Fish Bay"
1008801,"Malina Bay, AK: Malina Bay Airport"
1008901,"Red Fox Bay, AK: Red Fox Bay Airport"
1009001,"Shearwater, AK: Shearwater Airport"
1009101,"Cape Simpson, AK: Lake"
1009201,"Cape Simpson, AK: Cape Simpson No. 1"
1009301,"Cape Simpson, AK: Cape Simpson No. 7"
1009401,"Aglaq, AK: Cape Simpson #1"
1009501,"Nikiski, AK: Nikiski Private Airstrip"
1009601,"Petrof Point, AK: Petrof Point Airport"
1009701,"Denali, AK: Denali West Lodge Private"
1009801,"Big River, AK: Big River Airport"
1010001,"Carry Inlet, AK: Carry Inlet Airport"
1010201,"Montague Island, AK: Montague Island Airport"
1010301,"Shannon Pond, AK: Shannon Pond Airport"
1010401,"Omalik Lagoon, AK: Omalik Lagoon Airport"
1010501,"Omolik Lagoon, AK: Omolik Lagoon Airport"
1010601,"Bradley Lake Project, AK: Bradley Lake Project Airport"
1010701,"Barrow, AK: Ice Strip"
1010801,"Barrow, AK: Ice Strip"
1010901,"Barrow, AK: Ice Strip"
1011001,"Akulik, AK: Akulik Air Strip"
1011101,"Deadfall, AK: Deadfall Air Strip"
1011201,"Eagle Creek, AK: Eagle Creek Airport"
1011301,"Bethel, AK: Ice Kong"
1011601,"Kachemak Bay, AK: Glacier Split"
1011701,"Selby Lake, AK: Selby Lake Airport"
1011801,"Anaa, French Polynesia: Anaa Airport"
1011802,"Anaa, French Polynesia: Anaa Airport"
1011901,"Arrabury, Australia: Arrabury Station"
1012001,"El Arish, Egypt: El Arish International"
1012002,"El Arish, Egypt: El Arish International"
1012101,"Annaba, Algeria: Rabah Bitat"
1012102,"Annaba, Algeria: Rabah Bitat"
1012201,"Apalachicola, FL: Apalachicola Regional"
1012202,"Apalachicola, FL: Apalachicola Regional Cleve Randolph Field"
1012301,"Aachen, West Germany: Aachen/Merzbruck"
1012302,"Aachen, Germany: Aachen/Merzbruck"
1012303,"Aachen, Germany: Aachen/Merzbruck"
1012401,"Arraias, Brazil: Arraias Airport"
1012402,"Arraias, Brazil: Arraias Airport"
1012403,"Arraias, Brazil: Arraias Airport"
1012501,"Aalborg, Denmark: Aalborg Airport"
1012502,"Aalborg, Denmark: Aalborg Airport"
1012601,"Mala Mala, South Africa: Malamala"
1012602,"Mala Mala, South Africa: Malamala"
1012701,"Al Ain, United Arab Emirates: Al Ain International"
1012702,"Al Ain, United Arab Emirates: Al Ain International"
1012801,"Anaco, Venezuela: Anaco Airport"
1012802,"Anaco, Venezuela: Anaco Airport"
1012803,"Anaco, Venezuela: Anaco Airport"
1012901,"Anapa, Russia: Vityazevo"
1012902,"Anapa, Russia: Vityazevo"
1012903,"Anapa, Russia: Anapa Airport"
1013001,"Aarhus, Denmark: Tirstrup"
1013002,"Aarhus, Denmark: Tirstrup"
1013003,"Aarhus, Denmark: Aarhus Airport"
1013101,"Asau, Samoa: Asau W Sam"
1013201,"Araxa, Brazil: Araxa Airport"
1013202,"Araxa, Brazil: Araxa Airport"
1013401,"Abadan, Iran: Abadan Airport"
1013402,"Abadan, Iran: Abadan Airport"
1013403,"Abadan, Iran: Abadan Airport"
1013501,"Allentown/Bethlehem/Easton, PA: Lehigh Valley International"
1013502,"Allentown/Bethlehem/Easton, PA: Lehigh Valley International"
1013503,"Allentown/Bethlehem/Easton, PA: Lehigh Valley International"
1013601,"Abilene, TX: Abilene Regional"
1013602,"Abilene, TX: Abilene Regional"
1013603,"Abilene, TX: Abilene Regional"
1013701,"Abidjan, Cote d'Ivoire: Abidjan Felix Houphouet Boigny International"
1013702,"Abidjan, Cote d'Ivoire: Abidjan Felix Houphouet Boigny International"
1013703,"Abidjan, Cote d'Ivoire: Felix Houphouet Boigny Abidjan"
1013704,"Abidjan, Cote d'Ivoire: Felix Houphouet Boigny Abidjan International"
1013801,"Kabri Dar, Ethiopia: Kabri Dar Airport"
1013802,"Kabri Dar, Ethiopia: Kebri Dahar"
1013803,"Kabri Dar, Ethiopia: Kebri Dahar"
1013901,"Ambler, AK: Ambler River"
1014001,"Albuquerque, NM: Albuquerque International Sunport"
1014002,"Albuquerque, NM: Albuquerque International Sunport"
1014003,"Albuquerque, NM: Albuquerque International Sunport"
1014101,"Aberdeen, SD: Aberdeen Regional"
1014102,"Aberdeen, SD: Aberdeen Regional"
1014103,"Aberdeen, SD: Aberdeen Regional"
1014201,"Abu Simbel, Egypt: Abu Simbel Airport"
1014202,"Abu Simbel, Egypt: Abu Simbel Airport"
1014203,"Abu Simbel, Egypt: Abu Simbel Airport"
1014301,"Al-Baha, Saudi Arabia: Al-Baha Airport"
1014302,"Al-Baha, Saudi Arabia: Al-Baha Airport"
1014401,"Abuja, Nigeria: Abuja Nnamdi Azikiwe International"
1014402,"Abuja, Nigeria: Abuja Nnamdi Azikiwe International"
1014501,"Albury, Australia: Albury Airport"
1014502,"Albury, Australia: Albury Airport"
1014601,"Albany, GA: Southwest Georgia Regional"
1014602,"Albany, GA: Southwest Georgia Regional"
1014701,"Aberdeen, United Kingdom: Aberdeen Dyce"
1014702,"Aberdeen, United Kingdom: Aberdeen Dyce"
1014703,"Aberdeen, United Kingdom: Aberdeen Dyce"
1014801,"Acapulco, Mexico: General Juan N Alvarez International"
1014802,"Acapulco, Mexico: General Juan N Alvarez International"
1014901,"Bellaire, MI: Antrim County"
1014902,"Bellaire, MI: Antrim County"
1015001,"Accra, Ghana: Accra Kotoka International"
1015002,"Accra, Ghana: Accra Kotoka International"
1015101,"Arrecife, Spain: Lanzarote"
1015102,"Arrecife, Spain: Lanzarote"
1015201,"Altenrhein, Switzerland: St Gallen Altenrhein"
1015202,"Altenrhein, Switzerland: St Gallen Altenrhein"
1015301,"Alderney, United Kingdom: Alderney Airport"
1015302,"Alderney, United Kingdom: Alderney Airport"
1015303,"Alderney, United Kingdom: Alderney Airport"
1015401,"Nantucket, MA: Nantucket Memorial"
1015402,"Nantucket, MA: Nantucket Memorial"
1015403,"Nantucket, MA: Nantucket Memorial"
1015501,"Waco, TX: Waco Regional"
1015502,"Waco, TX: Waco Regional"
1015601,"Achutupo, Panama: Achutupo Airport"
1015701,"Arcata/Eureka, CA: Arcata"
1015702,"Arcata/Eureka, CA: Arcata"
1015703,"Arcata/Eureka, CA: Arcata"
1015801,"Atlantic City, NJ: Nafec Atlantic City"
1015802,"Atlantic City, NJ: Nafec Atl"
1015803,"Atlantic City, NJ: Atlantic City International"
1015804,"Atlantic City, NJ: Atlantic City International"
1015901,"Adana, Turkey: Adana Sakirpasa"
1015902,"Adana, Turkey: Adana International"
1016001,"Izmir, Turkey: Adnan Menderes"
1016002,"Izmir, Turkey: Adnan Menderes"
1016101,"Andakombe, Papua New Guinea: Andakombe Airport"
1016102,"Andakombe, Papua New Guinea: Andakombe Airport"
1016201,"Addis Ababa, Ethiopia: Haile Selassie I International"
1016202,"Addis Ababa, Ethiopia: Bole International"
1016301,"Aden, South Yemen: Aden International"
1016302,"Aden, Yemen: Aden International"
1016303,"Aden, Yemen: Aden International"
1016401,"Amman, Jordan: King Abdullah Ben"
1016402,"Amman, Jordan: Marka International"
1016403,"Amman, Jordan: Marka International"
1016501,"Adak Island, AK: Adak NS"
1016502,"Adak Island, AK: Adak"
1016503,"Adak Island, AK: Adak"
1016504,"Adak Island, AK: Adak"
1016601,"Adelaide, Australia: Adelaide International"
1016602,"Adelaide, Australia: Adelaide International"
1016701,"Ardmore, OK: Ardmore Municipal"
1016702,"Ardmore, OK: Ardmore Municipal"
1016801,"Andes, Colombia: Andes Airport"
1016802,"Andes, Colombia: Andes Airport"
1016803,"Andes, Colombia: Andes Airport"
1016901,"Andamooka, Australia: Andamooka Airport"
1017001,"Kodiak, AK: Kodiak Airport"
1017101,"Dallas, TX: Addison"
1017102,"Dallas, TX: Addison"
1017201,"Camp Springs, MD: Andrews AFB"
1017202,"Camp Springs, MD: Andrews AFB"
1017203,"Camp Springs, MD: Joint Base Andrews"
1017301,"St Andrews, United Kingdom: RAF Leuchars"
1017302,"St Andrews, United Kingdom: RAF Leuchars"
1017401,"San Andres Island, Colombia: San Andres"
1017402,"San Andres Island, Colombia: Sesquicentenario"
1017403,"San Andres Island, Colombia: Gustavo Rojas Pinilla"
1017501,"Al Dhafra, United Arab Emirates: Al Dhafra Air Base"
1017601,"Aleneva, AK: Aleneva Airport"
1017701,"Padang Sidempuan, Indonesia: Aek Godang"
1017801,"Abeche, Chad: Abeche Airport"
1017802,"Abeche, Chad: Abeche Airport"
1017803,"Abeche, Chad: Abeche Airport"
1018001,"Aioun El Atrouss, Mauritania: Aioun El Atrouss Airport"
1018002,"Aioun El Atrouss, Mauritania: Aioun El Atrouss Airport"
1018101,"Buenos Aires, Argentina: Aeroparque Jorge Newbery"
1018102,"Buenos Aires, Argentina: Aeroparque Jorge Newbery"
1018201,"Adler/Sochi, U.S.S.R.: Adler/Sochi Airport"
1018202,"Adler/Sochi, Russia: Adler/Sochi Airport"
1018301,"Aalesund, Norway: Vigra"
1018302,"Aalesund, Norway: Vigra"
1018303,"Aalesund, Norway: Vigra"
1018401,"Allakaket, AK: Allakaket Airport"
1018402,"Allakaket, AK: Allakaket Airport"
1018501,"Alexandria, LA: England AFB"
1018502,"Alexandria, LA: Alexandria International"
1018601,"Akureyri, Iceland: Akureyri Airport"
1018602,"Akureyri, Iceland: Akureyri Airport"
1018603,"Akureyri, Iceland: Akureyri Airport"
1018801,"San Rafael, Argentina: San Rafael Airport"
1018802,"San Rafael, Argentina: San Rafael Airport"
1018803,"San Rafael, Argentina: San Rafael Airport"
1018901,"Colorado Springs, CO: USAF Academy Airfield"
1018902,"Colorado Springs, CO: USAF Academy Airfield"
1018903,"Colorado Springs, CO: USAF Academy Airfield"
1019001,"Nebraska, NE: Nebraska City Municipal"
1019002,"Nebraska, NE: Nebraska City Municipal"
1019003,"Nebraska, NE: Nebraska City Municipal"
1019004,"Nebraska, NE: Nebraska City Municipal"
1019101,"Afton, WY: Afton Municipal"
1019102,"Afton, WY: Afton Municipal"
1019201,"Wadesboro, NC: Anson County"
1019202,"Wadesboro, NC: Anson County"
1019401,"Dallas/Fort Worth, TX: Fort Worth Alliance"
1019402,"Dallas/Fort Worth, TX: Fort Worth Alliance"
1019403,"Dallas/Fort Worth, TX: Fort Worth Alliance"
1019501,"Afyon, Turkey: Afyon Airport"
1019502,"Afyon, Turkey: Afyon Airport"
1019601,"Agadir, Morocco: Agadir/Inezgane"
1019602,"Agadir, Morocco: Inezgane"
1019701,"Augsburg, West Germany: Muehlhausen"
1019702,"Augsburg, Germany: Augsburg Airport"
1019703,"Augsburg, Germany: Augsburg Airport"
1019801,"Pittsburgh, PA: Allegheny County"
1019802,"Pittsburgh, PA: Allegheny County"
1019803,"Pittsburgh, PA: Allegheny County"
1019804,"Pittsburgh, PA: Allegheny County"
1019901,"Agen, France: La Garenne"
1019902,"Agen, France: La Garenne"
1019903,"Agen, France: Agen La Garenne"
1019904,"Agen, France: Agen La Garenne"
1020001,"Angoram, Papua New Guinea: Angoram Airport"
1020101,"Angelholm/Helsingborg, Sweden: Angelholm-Helsingborg"
1020102,"Angelholm/Helsingborg, Sweden: Angelholm-Helsingborg"
1020103,"Angelholm/Helsingborg, Sweden: Angelholm"
1020201,"Kagua, Papua New Guinea: Kagua Airport"
1020301,"Wanigela, Papua New Guinea: Wanigela Airport"
1020302,"Wanigela, Papua New Guinea: Wanigela Airport"
1020401,"Angoon, AK: Angoon Seaplane Base"
1020501,"Malaga, Spain: Malaga Airport"
1020502,"Malaga, Spain: Malaga Airport"
1020503,"Malaga, Spain: Malaga Airport"
1020504,"Malaga, Spain: Malaga Airport"
1020505,"Malaga, Spain: Malaga Costa del Sol"
1020601,"Agrinion, Greece: Agrinion New"
1020602,"Agrinion, Greece: Agrinion Airport"
1020701,"Agra, India: Agra Airport"
1020702,"Agra, India: Agra Airport"
1020801,"Augusta, GA: Bush Field"
1020802,"Augusta, GA: Augusta Regional at Bush Field"
1020803,"Augusta, GA: Augusta Regional at Bush Field"
1020901,"Ciudad del Este, Paraguay: Guarani International"
1021001,"Aguascalientes, Mexico: Jesus Teran International"
1021002,"Aguascalientes, Mexico: Jesus Teran International"
1021101,"Acarigua, Venezuela: Oswaldo Guevara Mujica"
1021102,"Acarigua, Venezuela: Oswaldo Guevara Mujica"
1021201,"Agatti Island, India: Agatti Island Airport"
1021301,"Okinawa, Japan: Naha AB"
1021401,"Abha, Saudi Arabia: Abha Airport"
1021402,"Abha, Saudi Arabia: Abha Airport"
1021403,"Abha, Saudi Arabia: Abha Airport"
1021501,"Ardmore, OK: Ardmore Airport"
1021502,"Ardmore, OK: Ardmore Downtown Executive"
1021601,"Athens, GA: Athens Municipal"
1021602,"Athens, GA: Athens/Ben Epps"
1021603,"Athens, GA: Athens/Ben Epps"
1021701,"Alghero/Sassari, Italy: Alghero"
1021702,"Alghero/Sassari, Italy: Alghero"
1021801,"Ahuas, Honduras: Ahuas Airport"
1021802,"Ahuas, Honduras: Ahuas Airport"
1021803,"Ahuas, Honduras: Auas"
1021901,"Amchitka Island, AK: Amchitka"
1022001,"Al Hoceima, Morocco: Cherif El Idrissi International"
1022002,"Al Hoceima, Morocco: Cherif El Idrissi International"
1022101,"Alliance, NE: Alliance Municipal"
1022102,"Alliance, NE: Alliance Municipal"
1022103,"Alliance, NE: Alliance Municipal"
1022201,"Anita Bay, AK: Anita Bay Airport"
1022301,"Anderson, IN: Anderson Municipal-Darlington Field"
1022302,"Anderson, IN: Anderson Municipal-Darlington Field"
1022401,"Aiken, SC: Aiken Municipal"
1022402,"Aiken, SC: Aiken Municipal"
1022501,"Wainwright, AK: Wainwright Airport"
1022502,"Wainwright, AK: Wainwright Airport"
1022601,"Aitutaki, Cook Islands: Aitutaki Airport"
1022602,"Aitutaki, Cook Islands: Aitutaki Airport"
1022603,"Aitutaki, Cook Islands: Aitutaki Airport"
1022701,"Atlantic City, NJ: Bader Field"
1022702,"Atlantic City, NJ: Bader Field"
1022801,"Lake of the Ozarks, MO: Lee C Fine Memorial"
1022802,"Lake of the Ozarks, MO: Lee C Fine Memorial"
1022901,"Ajaccio, France: Ajaccio/Campo Dell Oro"
1022902,"Ajaccio, France: Napoleon Bonaparte"
1022903,"Ajaccio, France: Ajaccio Napoleon Bonaparte"
1022904,"Ajaccio, France: Ajaccio Napoleon Bonaparte"
1023001,"Jouf, Saudi Arabia: Al Jouf"
1023002,"Jouf, Saudi Arabia: Al Jouf"
1023101,"Akjoujt, Mauritania: Akjoujt Airport"
1023102,"Akjoujt, Mauritania: Akjoujt Airport"
1023201,"Aizwal, India: Lengpui"
1023301,"Anjouan, Comoros: Ouani"
1023302,"Anjouan, Comoros: Ouani"
1023303,"Anjouan, Comoros: Ouani"
1023401,"Arvidsjaur, Sweden: Arvidsjaur Airport"
1023402,"Arvidsjaur, Sweden: Arvidsjaur Airport"
1023501,"Aracaju, Brazil: Santa Maria"
1023601,"Agades, Niger: Manu Dayak"
1023602,"Agades, Niger: Manu Dayak"
1023603,"Agades, Niger: Manu Dayak"
1023604,"Agades, Niger: Mano Dayak"
1023701,"Atka, AK: Atka Airport"
1023702,"Atka, AK: Atka Airport"
1023801,"Akron, OH: Akron Fulton International"
1023901,"Kufrah, Libya: Kufra"
1023902,"Kufrah, Libya: Kufra"
1023903,"Kufrah, Libya: Kufra"
1024101,"Akiak, AK: Akiak Airport"
1024102,"Akiak, AK: Akiak Airport"
1024201,"Asahikawa, Japan: Asahikawa Airport"
1024202,"Asahikawa, Japan: Asahikawa Airport"
1024203,"Asahikawa, Japan: Asahikawa Airport"
1024301,"Akhiok, AK: Akhiok Airport"
1024302,"Akhiok, AK: Akhiok Airport"
1024401,"Auckland, New Zealand: Auckland International"
1024402,"Auckland, New Zealand: Auckland International"
1024501,"King Salmon, AK: King Salmon Airport"
1024502,"King Salmon, AK: King Salmon Airport"
1024601,"Akron, CO: Akron Washington County"
1024602,"Akron, CO: Colorado Plains Regional"
1024701,"Anaktuvuk Pass, AK: Anaktuvuk Pass Airport"
1024702,"Anaktuvuk Pass, AK: Anaktuvuk Pass Airport"
1024801,"Akure, Nigeria: Akure Airport"
1024802,"Akure, Nigeria: Akure Airport"
1024901,"Auki, Solomon Islands: Auki Airport"
1024902,"Auki, Solomon Islands: Auki Airport"
1024903,"Auki, Solomon Islands: Auki Gwaunaru University"
1024904,"Auki, Solomon Islands: Auki Airport"
1025001,"Akrotiri, Cyprus: Akrotiri Airport"
1025002,"Akrotiri, Cyprus: Akrotiri Airport"
1025101,"Aktyubinsk, U.S.S.R.: Aktyubinsk Airport"
1025102,"Aktyubinsk, Kazakhstan: Aktyubinsk Airport"
1025201,"Akyab, Burma: Akyab Airport"
1025202,"Sittwe, Burma: Sittwe Airport"
1025203,"Sittwe, Burma: Sittwe Airport"
1025301,"Albertville, AL: Albertville Regional-Thomas J Brumlik Field"
1025401,"Alabaster, AL: Shelby County"
1025402,"Alabaster, AL: Shelby County"
1025501,"Huntsville, AL: Madison County Executive/Tom Sharp Jr. Field"
1025502,"Huntsville, AL: Madison County Executive/Tom Sharp Jr. Field"
1025503,"Huntsville, AL: Huntsville Executive Airport Tom Sharp Jr"
1025601,"Alma-Ata, U.S.S.R.: Alma-Ata Airport"
1025602,"Almaty, Kazakhstan: Almaty Airport"
1025603,"Almaty, Kazakhstan: Almaty Airport"
1025701,"Albany, NY: Albany International"
1025702,"Albany, NY: Albany International"
1025801,"Alicante, Spain: Alicante Airport"
1025802,"Alicante, Spain: Alicante Airport"
1025803,"Alicante, Spain: Alicante Airport"
1025804,"Alicante, Spain: Alicante Elche"
1025901,"Alpine, TX: Alpine Casparis Municipal"
1025902,"Alpine, TX: Alpine Casparis Municipal"
1026001,"Alta, Norway: Alta Airport"
1026002,"Alta, Norway: Alta Airport"
1026101,"Algiers, Algeria: Houari Boumediene"
1026102,"Algiers, Algeria: Houari Boumediene"
1026103,"Algiers, Algeria: Houari Boumediene"
1026104,"Algiers, Algeria: Houari Boumediene"
1026201,"Albany, Australia: Albany Airport"
1026202,"Albany, Australia: Albany Airport"
1026301,"Alice, TX: Alice International"
1026302,"Alice, TX: Alice International"
1026401,"Alexander Bay, South Africa: Alexander Bay Airport"
1026402,"Alexander Bay, South Africa: Alexander Bay Airport"
1026501,"Asela, Ethiopia: Asela Airport"
1026601,"Alamogordo, NM: Alamogordo White Sands Regional"
1026602,"Alamogordo, NM: Alamogordo White Sands Regional"
1026603,"Alamogordo, NM: Alamogordo White Sands Regional"
1026701,"Alton, IL: St. Louis Regional"
1026702,"Alton, IL: St. Louis Regional"
1026801,"Waterloo, IA: Waterloo Regional"
1026802,"Waterloo, IA: Waterloo Regional"
1026901,"Aleppo, Syria: Neirab"
1026902,"Aleppo, Syria: Aleppo International"
1027001,"Alegrete, Brazil: Alegrete Airport"
1027101,"Alexandra, New Zealand: Alexandra Airport"
1027102,"Alexandra, New Zealand: Alexandra Airport"
1027201,"Alamosa, CO: Alamosa Municipal"
1027202,"Alamosa, CO: San Luis Valley Regional/Bergman Field"
1027203,"Alamosa, CO: San Luis Valley Regional/Bergman Field"
1027301,"Alenquer, Brazil: Alenquer Airport"
1027401,"Alula, Somalia: Alula Airport"
1027501,"Walla Walla, WA: Walla Walla Regional"
1027502,"Walla Walla, WA: Walla Walla Regional"
1027503,"Walla Walla, WA: Walla Walla Regional"
1027601,"Alexander City, AL: Thomas C. Russell Field"
1027602,"Alexander City, AL: Thomas C. Russell Field"
1027701,"Alexandria, Egypt: Alexandria International"
1027702,"Alexandria, Egypt: Alexandria International"
1027801,"Lazy Bay, AK: Alitak Seaplane Base"
1027901,"Amarillo, TX: Amarillo International"
1027902,"Amarillo, TX: Rick Husband Amarillo International"
1027903,"Amarillo, TX: Rick Husband Amarillo International"
1028001,"Ahmedabad, India: Ahmedabad Airport"
1028002,"Ahmedabad, India: Ahmedabad Airport"
1028101,"Ama, Papua New Guinea: Ama Airport"
1028201,"Amboin, Papua New Guinea: Amboin Airport"
1028301,"Arba Minch, Ethiopia: Arba Minch Airport"
1028302,"Arba Minch, Ethiopia: Arba Minch Airport"
1028401,"Mataram, Indonesia: Rembiga"
1028402,"Mataram, Indonesia: Selaparang"
1028403,"Mataram, Indonesia: Selaparang"
1028501,"Durango, CO: Animas Air Park"
1028502,"Durango, CO: Animas Air Park"
1028601,"Puerto Armuelles, Panama: Puerto Armuelles Airport"
1028602,"Puerto Armuelles, Panama: Puerto Armuelles Airport"
1028701,"Amman, Jordan: Amman Airport"
1028702,"Amman, Jordan: Queen Alia International"
1028703,"Amman, Jordan: Queen Alia International"
1028801,"Alma, MI: Gratiot Community"
1028802,"Alma, MI: Gratiot Community"
1028901,"Mao, Chad: Mao Airport"
1028902,"Mao, Chad: Mao Airport"
1029001,"Ampanihy, Madagascar: Ampanihy Airport"
1029002,"Ampanihy, Madagascar: Ampanihy Airport"
1029101,"Ambon, Indonesia: Pattimura"
1029201,"Amsterdam, Netherlands: Schiphol"
1029202,"Amsterdam, Netherlands: Schiphol"
1029401,"Ames, IA: Ames Municipal"
1029402,"Ames, IA: Ames Municipal"
1029501,"Ammaroo, Australia: Ammaroo Station"
1029601,"Ambatomainty, Madagascar: Ambatomainty Airport"
1029602,"Ambatomainty, Madagascar: Ambatomainty Airport"
1029701,"Anaheim, CA: Anaheim-Disneyland HP"
1029801,"Anniston, AL: Anniston/Calhoun County"
1029802,"Anniston, AL: Anniston Metro"
1029803,"Anniston, AL: Anniston Regional"
1029901,"Anchorage, AK: Anchorage International"
1029902,"Anchorage, AK: Ted Stevens Anchorage International"
1029903,"Anchorage, AK: Ted Stevens Anchorage International"
1029904,"Anchorage, AK: Ted Stevens Anchorage International"
1030001,"Anderson, SC: Anderson Regional"
1030002,"Anderson, SC: Anderson Regional"
1030101,"Angers, France: Avrille"
1030102,"Angers, France: Angers Marce"
1030201,"Antofagasta, Chile: Cerro Moreno International"
1030202,"Antofagasta, Chile: Cerro Moreno International"
1030203,"Antofagasta, Chile: Andres Sabella International"
1030301,"Angouleme, France: Brie-Champniers"
1030302,"Angouleme, France: Brie-Champniers"
1030303,"Angouleme, France: Angouleme Airport"
1030304,"Angouleme, France: Angouleme Brie Champniers"
1030401,"Aniak, AK: Aniak Airport"
1030501,"Ankara, Turkey: Etimesgut"
1030502,"Ankara, Turkey: Etimesgut"
1030503,"Ankara, Turkey: Etimesgut"
1030601,"Antalaha, Madagascar: Antsirabato"
1030602,"Antalaha, Madagascar: Antsirabato"
1030701,"Annette, AK: Annette Island"
1030702,"Annette, AK: Annette Island"
1030703,"Annette, AK: Annette Island"
1030801,"Angoche, Mozambique: Angoche Airport"
1030802,"Angoche, Mozambique: Angoche Airport"
1030803,"Angoche, Mozambique: Angoche Airport"
1030901,"Annapolis, MD: Lee"
1030902,"Annapolis, MD: Lee"
1031001,"Antwerp, Belgium: Antwerp-Brussels North"
1031002,"Antwerp, Belgium: Deurne"
1031101,"Andahuaylas, Peru: Andahuaylas Airport"
1031102,"Andahuaylas, Peru: Andahuaylas Airport"
1031201,"St. Johns, Antigua and Barbuda - UK: Antigua"
1031202,"St. Johns, Antigua and Barbuda: V C Bird International"
1031203,"St. Johns, Antigua and Barbuda: V C Bird International"
1031204,"St. Johns, Antigua and Barbuda: V C Bird International"
1031301,"Anvik, AK: Anvik Airport"
1031302,"Anvik, AK: Anvik Airport"
1031401,"Andeness, Norway: Andoya"
1031402,"Andeness, Norway: Andoya"
1031701,"Lima, OH: Lima Allen County"
1031702,"Lima, OH: Lima Allen County"
1031801,"Ancona, Italy: Ancona/Falconara"
1031802,"Ancona, Italy: Falconara"
1031901,"Aomori, Japan: Aomori Airport"
1031902,"Aomori, Japan: Aomori Airport"
1032001,"Karpathos, Greece: Karpathos Airport"
1032002,"Karpathos, Greece: Karpathos Airport"
1032003,"Karpathos, Greece: Karpathos Airport"
1032101,"Paso de Los Libres, Argentina: Paso de Los Libres Airport"
1032102,"Paso de Los Libres, Argentina: Paso de Los Libres Airport"
1032201,"Altoona, PA: Altoona-Blair County"
1032202,"Altoona, PA: Altoona-Blair County"
1032301,"Alor Setar, Malaysia: Sultan Abdul Halim"
1032302,"Alor Setar, Malaysia: Sultan Abdul Halim"
1032401,"Amook Bay, AK: Amook Bay Airport"
1032501,"Denver, CO: Arapahoe County"
1032502,"Denver, CO: Centennial"
1032503,"Denver, CO: Centennial"
1032504,"Denver, CO: Centennial"
1032601,"Apolo, Bolivia: Apolo Airport"
1032602,"Apolo, Bolivia: Apolo Airport"
1032603,"Apolo, Bolivia: Apolo Airport"
1032604,"Apolo, Bolivia: Apolo Airport"
1032701,"Napa, CA: Napa County"
1032702,"Napa, CA: Napa County"
1032801,"San Juan Aposento, Peru: San Juan Aposento Airport"
1032901,"Naples, FL: Naples Municipal"
1032902,"Naples, FL: Naples Municipal"
1032903,"Naples, FL: Naples Municipal"
1033001,"Aberdeen, MD: Phillips AAF"
1033002,"Aberdeen, MD: Phillips AAF"
1033101,"Apataki, French Polynesia: Apataki Airport"
1033102,"Apataki, French Polynesia: Apataki Airport"
1033201,"Nampula, Mozambique: Nampula Airport"
1033202,"Nampula, Mozambique: Nampula Airport"
1033301,"Alpena, MI: Phelps/Collins"
1033302,"Alpena, MI: Alpena County Regional"
1033401,"Apartado, Colombia: Apartado Airport"
1033501,"April River, Papua New Guinea: April River Airport"
1033601,"Jasper, TN: Marion County Brown Field"
1033701,"Apple Valley, CA: Calf Apple Valley"
1033702,"Apple Valley, CA: Apple Valley Airport"
1033703,"Apple Valley, CA: Apple Valley Airport"
1033801,"Apia, Samoa: Faleolo"
1033802,"Apia, Samoa: Faleolo International"
1033803,"Apia, Samoa: Faleolo International"
1033901,"Qaisumah, Saudi Arabia: Qaisumah Airport"
1033902,"Qaisumah, Saudi Arabia: Hafr Al Batin"
1033903,"Qaisumah, Saudi Arabia: Al Qaisumah"
1034001,"Aqaba, Jordan: King Hussein International"
1034002,"Aqaba, Jordan: Aqaba King Hussein International"
1034201,"Arequipa, Peru: Rodriguez Ballon International"
1034202,"Arequipa, Peru: Rodriguez Ballon International"
1034203,"Arequipa, Peru: Rodriguez Ballon International"
1034301,"Saqani, Fiji: Saqani Airport"
1034401,"Girdwood, AK: Girdwood Airport"
1034402,"Girdwood, AK: Girdwood Airport"
1034403,"Girdwood, AK: Girdwood Airport"
1034501,"Russellville, AR: Russellville Regional"
1034502,"Russellville, AR: Russellville Regional"
1034601,"Conway, AR: Dennis F Cantrell Field"
1034602,"Conway, AR: Dennis F Cantrell Field"
1034701,"New Iberia, LA: Acadiana Reg"
1034702,"New Iberia, LA: Acadiana Regional"
1034703,"New Iberia, LA: Acadiana Regional"
1034801,"Ann Arbor, MI: Ann Arbor Municipal"
1034802,"Ann Arbor, MI: Ann Arbor Municipal"
1034901,"Arctic Village, AK: Wien Arctic Village"
1034902,"Arctic Village, AK: Arctic Village Airport"
1035001,"Alor, Indonesia: Arcadia Municipal"
1035101,"Arecibo, Puerto Rico: Arecibo Airport"
1035102,"Arecibo, PR: Antonio/Nery/Juarbe Pol"
1035103,"Arecibo, PR: Antonio/Nery/Juarbe Pol"
1035104,"Arecibo, PR: Antonio/Nery/Juarbe Pol"
1035201,"Walnut Ridge, AR: Walnut Ridge Regional"
1035202,"Walnut Ridge, AR: Walnut Ridge Regional"
1035301,"Arkhangelsk, U.S.S.R.: Arkhangelsk Airport"
1035302,"Arkhangelsk, Russia: Talagi"
1035303,"Arkhangelsk, Russia: Talagi"
1035304,"Arkhangelsk, Russia: Arkhangelsk Airport"
1035401,"Arica, Chile: Chacalluta"
1035402,"Arica, Chile: Chacalluta"
1035501,"Arusha, Tanzania: Arusha Airport"
1035502,"Arusha, Tanzania: Arusha Airport"
1035601,"Armidale, Australia: Armidale Airport"
1035602,"Armidale, Australia: Armidale Airport"
1035701,"Stockholm, Sweden: Arlanda"
1035702,"Stockholm, Sweden: Arlanda"
1035801,"Aragip, Papua New Guinea: Aragip Airport"
1035802,"Aragip, Papua New Guinea: Aragip Airport"
1035901,"Arauquita, Colombia: Troncal"
1035902,"Arauquita, Colombia: Arauquita Airport"
1036001,"Aragarcas, Brazil: Aragarcas Airport"
1036002,"Aragarcas, Brazil: Aragarcas Airport"
1036101,"Watertown, NY: Watertown International"
1036102,"Watertown, NY: Watertown International"
1036201,"Aracatuba, Brazil: Aracatuba Airport"
1036202,"Aracatuba, Brazil: Aracatuba Airport"
1036301,"Minocqua/Woodruff, WI: Lakeland/Noble F. Lee Memorial Field"
1036401,"Arad, Romania: Arad Airport"
1036402,"Arad, Romania: Arad Airport"
1036501,"Asbury Park, NJ: Asbury Park/Monmouth County"
1036601,"Ararat, Australia: Ararat Airport"
1036602,"Ararat, Australia: Ararat Airport"
1036701,"N'zeto, Angola: N'zeto North"
1036702,"N'zeto, Angola: N'zeto Airport"
1036703,"N'zeto, Angola: N'zeto Airport"
1036801,"Assab, Ethiopia: Assab International"
1036802,"Assab, Eritrea: Assab International"
1036803,"Assab, Eritrea: Assab International"
1036901,"Ashkhabad, U.S.S.R.: Ashkhabad Airport"
1036902,"Ashgabat, Turkmenistan: Ashgabat Airport"
1036903,"Ashgabat, Turkmenistan: Ashgabat Airport"
1037001,"Ascension, Bolivia: Ascension Airport"
1037101,"Andros Town, The Bahamas: Andros Town Airport"
1037102,"Andros Town, The Bahamas: Fresh Creek"
1037201,"Aspen, CO: Aspen Pitkin County Sardy Field"
1037202,"Aspen, CO: Aspen Pitkin County Sardy Field"
1037203,"Aspen, CO: Aspen Pitkin County Sardy Field"
1037301,"Ashburton, New Zealand: Ashburton Airport"
1037302,"Ashburton, New Zealand: Ashburton Airport"
1037401,"Nashua, NH: Nashua Airport"
1037402,"Nashua, NH: Boire Field"
1037403,"Nashua, NH: Boire Field"
1037404,"Nashua, NH: Boire Field"
1037501,"Ascension Island, Saint Helena, Ascension, and Tristan da Cunha: Ascension Aux Af"
1037502,"Ascension Island, Saint Helena, Ascension, and Tristan da Cunha: Ascension Aux Af"
1037601,"Amami O Shima, Japan: Amami"
1037602,"Amami O Shima, Japan: Amami"
1037701,"Yamoussoukro, Cote d'Ivoire: Yamoussoukro Airport"
1037702,"Yamoussoukro, Cote d'Ivoire: Yamoussoukro Airport"
1037801,"Marshall, TX: Harrison County"
1037802,"Marshall, TX: Harrison County"
1037901,"Asmara, Ethiopia: Yohannes IV"
1037902,"Asmara, Eritrea: Asmara International"
1037903,"Asmara, Eritrea: Asmara International"
1038001,"Talladega, AL: Talladega Municipal"
1038002,"Talladega, AL: Talladega Municipal"
1038101,"Asosa, Ethiopia: Asosa Airport"
1038102,"Asosa, Ethiopia: Asosa Airport"
1038103,"Asosa, Ethiopia: Asosa Airport"
1038104,"Asosa, Ethiopia: Asosa Hidase"
1038201,"Alice Springs, Australia: Alice Springs Airport"
1038202,"Alice Springs, Australia: Alice Springs Airport"
1038301,"Austin, NV: Austin Airport"
1038302,"Austin, NV: Austin Airport"
1038303,"Austin, NV: Austin Airport"
1038401,"Kayseri, Turkey: Kayseri Airport"
1038402,"Kayseri, Turkey: Erkilet"
1038403,"Kayseri, Turkey: Kayseri Airport"
1038501,"Astoria/Seaside, OR: Astoria Regional"
1038502,"Astoria/Seaside, OR: Astoria Regional"
1038601,"Asuncion, Paraguay: Silvio Pettirossi International"
1038602,"Asuncion, Paraguay: Silvio Pettirossi International"
1038701,"Aswan, Egypt: Aswan International"
1038702,"Aswan, Egypt: Aswan International"
1038801,"Ashland, WI: John F Kennedy Memorial"
1038802,"Ashland, WI: John F Kennedy Memorial"
1038901,"Ashley, ND: Ashley Municipal"
1038902,"Ashley, ND: Ashley Municipal"
1039001,"Anta, Peru: Anta Huaraz"
1039101,"Atbara, Sudan: Atbara Airport"
1039201,"Arthur's Town, The Bahamas: Arthur's Town Airport"
1039301,"Antlers, OK: Antlers Municipal"
1039302,"Antlers, OK: Antlers Municipal"
1039401,"Athens, Greece: Eleftherios Venizelos International"
1039501,"Artigas, Uruguay: Artigas International"
1039502,"Artigas, Uruguay: Artigas International"
1039601,"Atqasuk, AK: Atqasuk Edward Burnell Sr. Memorial"
1039602,"Atqasuk, AK: Atqasuk Edward Burnell Sr. Memorial"
1039603,"Atqasuk, AK: Atqasuk Edward Burnell Sr. Memorial"
1039701,"Atlanta, GA: Atlanta Municipal"
1039702,"Atlanta, GA: William B. Hartsfield Atlanta International"
1039703,"Atlanta, GA: Hartsfield-Jackson Atlanta International"
1039704,"Atlanta, GA: Hartsfield-Jackson Atlanta International"
1039705,"Atlanta, GA: Hartsfield-Jackson Atlanta International"
1039801,"Altamira, Brazil: Altamira Airport"
1039802,"Altamira, Brazil: Altamira Airport"
1039803,"Altamira, Brazil: Altamira Airport"
1039901,"Namatanai, Papua New Guinea: Namatanai Airport"
1039902,"Namatanai, Papua New Guinea: Namatanai Airport"
1039903,"Namatanai, Papua New Guinea: Namatanai Airport"
1040001,"Athens, OH: Ohio University Snyder Field"
1040002,"Athens, OH: Ohio University Snyder Field"
1040003,"Athens, OH: Ohio University"
1040101,"Aitape, Papua New Guinea: Aitape Airport"
1040201,"Amritsar, India: Amritsar Airport"
1040202,"Amritsar, India: Amritsar Airport"
1040301,"Atar, Mauritania: Atar Airport"
1040302,"Atar, Mauritania: Atar Airport"
1040401,"Artesia, NM: Artesia Municipal"
1040402,"Artesia, NM: Artesia Municipal"
1040403,"Artesia, NM: Artesia Municipal"
1040501,"Atmautluak, AK: Atmautluak Airport"
1040502,"Atmautluak, AK: Atmautluak Airport"
1040503,"Atmautluak, AK: Atmautluak Airport"
1040601,"Attu, AK: Casco Cove"
1040602,"Attu, AK: Casco Cove CGS"
1040701,"Ati, Chad: Ati Airport"
1040702,"Ati, Chad: Ati Airport"
1040703,"Ati, Chad: Ati Airport"
1040801,"Appleton, WI: Outagamie County Regional"
1040802,"Appleton, WI: Outagamie County Regional"
1040803,"Appleton, WI: Appleton International"
1040901,"Watertown, SD: Watertown Municipal"
1040902,"Watertown, SD: Watertown Regional"
1040903,"Watertown, SD: Watertown Regional"
1041001,"Assiut, Egypt: Assiut Airport"
1041101,"Aruba, Netherlands Antilles: Reina Beatrix International"
1041102,"Aruba, Aruba: Reina Beatrix International"
1041103,"Aruba, Aruba: Reina Beatrix International"
1041201,"Arauca, Colombia: Santiago Perez"
1041202,"Arauca, Colombia: Santiago Perez"
1041301,"Augustus Downs, Australia: Augustus Downs Airport"
1041302,"Augustus Downs, Australia: Augustus Downs Airport"
1041401,"Augusta/Waterville, ME: Augusta"
1041402,"Augusta/Waterville, ME: Augusta State"
1041501,"Abu Dhabi, United Arab Emirates: Abu Dhabi International"
1041502,"Abu Dhabi, United Arab Emirates: Abu Dhabi International"
1041601,"Alakanuk, AK: Alakanuk New"
1041602,"Alakanuk, AK: Alakanuk Airport"
1041603,"Alakanuk, AK: Alakanuk Airport"
1041701,"Austin/Albert Lea, MN: Austin Municipal"
1041702,"Austin/Albert Lea, MN: Austin Municipal"
1041801,"Auburn, CA: Auburn Municipal"
1041802,"Auburn, CA: Auburn Municipal"
1041901,"Auburn, AL: Auburn-Opelika"
1041902,"Auburn, AL: Auburn University Regional"
1042001,"Aguan, Papua New Guinea: Aguan Papua N.G."
1042101,"Atuona, French Polynesia: Hiva Oa/Atuona"
1042102,"Atuona, French Polynesia: Hiva Oa/Atuona"
1042103,"Atuona, French Polynesia: Hiva Oa/Atuona"
1042104,"Atuona, French Polynesia: Hiva Oa/Atuona"
1042201,"Aurillac, France: Aurillac Airport"
1042202,"Aurillac, France: Aurillac Airport"
1042301,"Austin, TX: Austin - Bergstrom International"
1042302,"Austin, TX: Austin - Bergstrom International"
1042401,"Wausau, WI: Wausau Downtown"
1042402,"Wausau, WI: Wausau Downtown"
1042403,"Wausau, WI: Wausau Downtown"
1042501,"Araguaina, Brazil: Araguaina Airport"
1042502,"Araguaina, Brazil: Araguaina Airport"
1042601,"Aneityum, Vanuatu: Anatom"
1042602,"Aneityum, Vanuatu: Aneityum Airport"
1042603,"Aneityum, Vanuatu: Aneityum Airport"
1042701,"Aurora, IL: Aurora Municipal"
1042702,"Aurora, IL: Aurora Municipal"
1042801,"Aviano, Italy: Aviano AFB"
1042802,"Aviano, Italy: Aviano AB"
1042803,"Aviano, Italy: Aviano AB"
1043001,"Ciego de Avila, Cuba: Maximo Gomez"
1043002,"Ciego de Avila, Cuba: Maximo Gomez"
1043101,"Asheville, NC: Asheville Regional"
1043102,"Asheville, NC: Asheville Regional"
1043103,"Asheville, NC: Asheville Regional"
1043201,"Avignon, France: Caumont"
1043202,"Avignon, France: Caumont"
1043203,"Avignon, France: Avignon Caumont"
1043301,"Avon Park, FL: Avon Park Municipal"
1043302,"Avon Park, FL: Avon Park Executive"
1043401,"Scranton/Wilkes-Barre, PA: Wilkes Barre Scranton International"
1043402,"Scranton/Wilkes-Barre, PA: Wilkes Barre Scranton International"
1043403,"Scranton/Wilkes-Barre, PA: Wilkes Barre Scranton International"
1043501,"Avalon, Australia: Avalon Airport"
1043502,"Avalon, Australia: Avalon Airport"
1043601,"Tucson, AZ: Avra Valley"
1043602,"Tucson, AZ: Marana Regional"
1043701,"Avalon, CA: Catalina"
1043801,"Awasa, Ethiopia: Awasa Airport"
1043802,"Awasa, Ethiopia: Lake Awasa"
1043901,"Wake Island, Wake Island: Wake Island Airfield"
1043902,"Wake Island, TT: Wake Island Airfield"
1043903,"Wake Island, TT: Wake Island Airfield"
1044001,"West Memphis, AR: West Memphis Municipal"
1044101,"Awar, Papua New Guinea: Awar Airport"
1044201,"Andrews, TX: Andrews County"
1044202,"Andrews, TX: Andrews County"
1044203,"Andrews, TX: Andrews County"
1044301,"Ahwaz, Iran: Ahwaz Airport"
1044302,"Ahwaz, Iran: Ahwaz Airport"
1044401,"The Valley, Anguilla: Wallblake"
1044402,"The Valley, Anguilla: Clayton J. Lloyd International"
1044403,"The Valley, Anguilla: Clayton J. Lloyd International"
1044404,"The Valley, Anguilla: Clayton J. Lloyd"
1044501,"Alexandria Bay, NY: Maxson Airfield"
1044601,"Aramac, Australia: Aramac Airport"
1044602,"Aramac, Australia: Aramac Airport"
1044603,"Aramac, Australia: Aramac Airport"
1044604,"Aramac, Australia: Aramac Airport"
1044701,"Alexandroupolis, Greece: Dimokritos"
1044702,"Alexandroupolis, Greece: Dimokritos"
1044703,"Alexandroupolis, Greece: Dimokritos"
1044801,"Armenia, Colombia: El Eden"
1044802,"Armenia, Colombia: El Eden"
1044803,"Armenia, Colombia: El Eden"
1044901,"Alexandria, MN: Chandler Field"
1044902,"Alexandria, MN: Chandler Field"
1045001,"Spring Point, The Bahamas: Spring Point Airport"
1045002,"Spring Point, The Bahamas: Spring Point Airport"
1045003,"Spring Point, The Bahamas: Spring Point Airport"
1045101,"Altus, OK: Altus Municipal"
1045102,"Altus, OK: Altus/Quartz Mountain Regional"
1045201,"Akita, Japan: Akita Airport"
1045301,"Axum, Ethiopia: Axum Airport"
1045302,"Axum, Ethiopia: Axum Airport"
1045303,"Axum, Ethiopia: Axum Airport"
1045401,"Wapakoneta, OH: Neil Armstrong"
1045402,"Wapakoneta, OH: Neil Armstrong"
1045501,"Eagle Nest, NM: Angel Fire"
1045502,"Eagle Nest, NM: Angel Fire"
1045601,"Anthony Lagoon, Australia: Anthony Lagoon Airport"
1045701,"Ayacucho, Peru: Ayacucho Airport"
1045702,"Ayacucho, Peru: Coronel FAP Alfredo Mendivil Duarte"
1045801,"Ayers Rock, Australia: Ayers Rock Connellan"
1045901,"Ayr, Australia: Ayr Airport"
1045902,"Ayr, Australia: Ayr Airport"
1045903,"Ayr, Australia: Ayr Airport"
1046001,"Waycross, GA: Waycross Ga"
1046002,"Waycross, GA: Waycross-Ware County"
1046003,"Waycross, GA: Waycross-Ware County"
1046101,"Antalya, Turkey: Antalya Airport"
1046102,"Antalya, Turkey: Antalya Airport"
1046201,"Ayawasi, Indonesia: Ayawasi Airport"
1046202,"Ayawasi, Indonesia: Ayawasi Airport"
1046301,"Grand Canyon, AZ: Valle"
1046302,"Grand Canyon, AZ: Valle"
1046401,"Williams, AZ: H. A. Clark Memorial Field"
1046402,"Williams, AZ: H. A. Clark Memorial Field"
1046501,"Glendale, AZ: Glendale Municipal"
1046502,"Glendale, AZ: Glendale Municipal"
1046601,"Phoenix, AZ: Williams Gateway"
1046602,"Phoenix, AZ: Phoenix - Mesa Gateway"
1046701,"Yazd, Iran: Yazd Airport"
1046702,"Yazd, Iran: Yazd Shahid Sadooghi"
1046703,"Yazd, Iran: Shahid Sadooghi"
1046801,"Apatzingan, Mexico: Pablo L. Sidar"
1046901,"Kalamazoo, MI: Kalamazoo/Battle Creek International"
1046902,"Kalamazoo, MI: Kalamazoo/Battle Creek International"
1047001,"Samana, Dominican Republic: Samana El Catey International"
1047002,"Samana, Dominican Republic: El Catey International"
1047101,"Biddeford, ME: Biddeford Municipal"
1047201,"Carrabassett, ME: Sugarloaf Regional"
1047202,"Carrabassett, ME: Sugarloaf Regional"
1047203,"Carrabassett, ME: Sugarloaf Regional"
1047301,"Bialla, Papua New Guinea: Bialla Airport"
1047302,"Bialla, Papua New Guinea: Bialla Airport"
1047401,"Marysville, CA: Beale AFB"
1047402,"Marysville, CA: Beale AFB"
1047501,"Barranca de Upia, Colombia: Barranca de Upia Airport"
1047601,"Shreveport, LA: Barksdale AFB"
1047602,"Shreveport, LA: Barksdale AFB"
1047603,"Shreveport, LA: Barksdale AFB"
1047701,"Barcelonnette, France: Barcelonnette Airport"
1047801,"Westfield, MA: Barnes Municipal"
1047802,"Westfield, MA: Barnes Municipal"
1047803,"Westfield, MA: Westfield Barnes Regional"
1047901,"Baguio, Philippines: Baguio Airport"
1047902,"Baguio, Philippines: Baguio Airport"
1047903,"Baguio, Philippines: Baguio Airport"
1048001,"Manama, Bahrain: Bahrain International"
1048002,"Manama, Bahrain: Bahrain International"
1048003,"Manama, Bahrain: Bahrain International"
1048101,"Buenos Aires, Costa Rica: Buenos Aires Airport"
1048102,"Buenos Aires, Costa Rica: Buenos Aires Airport"
1048201,"Baku, U.S.S.R.: Bina International"
1048202,"Baku, Azerbaijan: Bina International"
1048203,"Baku, Azerbaijan: Heydar Aliyev International"
1048204,"Baku, Azerbaijan: Heydar Aliyev International"
1048205,"Baku, Azerbaijan: Heydar Aliyev International"
1048301,"Batman, Turkey: Batman Airport"
1048302,"Batman, Turkey: Batman Airport"
1048401,"Battle Mountain, NV: Lander County"
1048402,"Battle Mountain, NV: Battle Mountain Airport"
1048501,"Ban Mak Khaeng, Thailand: Udorn AB"
1048601,"Barranquilla, Colombia: Ernesto Cortissoz International"
1048602,"Barranquilla, Colombia: Ernesto Cortissoz"
1048701,"Baker Island, AK: Baker AAF"
1048801,"Barth, East Germany: Barth Airport"
1048901,"Bauru, Brazil: Bauru Airport"
1048902,"Bauru, Brazil: Bauru-Arealva"
1048903,"Bauru, Brazil: Bauru-Arealva"
1049001,"Baotou, China: Baotou Airport"
1049002,"Baotou, China: Baotou Airport"
1049101,"Barnaul, Russia: Barnaul Airport"
1049102,"Barnaul, Russia: Barnaul Airport"
1049103,"Barnaul, Russia: Barnaul Airport"
1049104,"Barnaul, Russia: Barnaul Airport"
1049201,"Baia Mare, Romania: Baia Mare Airport"
1049202,"Baia Mare, Romania: Baia Mare Airport"
1049301,"Balmaceda, Chile: Balmaceda Airport"
1049302,"Balmaceda, Chile: Balmaceda Airport"
1049401,"Bay City, TX: Bay City Municipal"
1049402,"Bay City, TX: Bay City Municipal"
1049501,"Burlington, MA: N Eng Heliport"
1049701,"Bhubaneswar, India: Bhubaneswar Airport"
1049702,"Bhubaneswar, India: Bhubaneswar Airport"
1049801,"Berbera, Somalia: Berbera International"
1049802,"Berbera, Somalia: Berbera International"
1049803,"Berbera, Somalia: Berbera International"
1049901,"Barbuda, Antigua and Barbuda - UK: Cocoa Point"
1049902,"Barbuda, Antigua and Barbuda: Cocoa Point"
1050001,"Basse Terre, Guadeloupe: Baillif"
1050002,"Basse Terre, Guadeloupe: Baillif"
1050003,"Basse Terre, Guadeloupe: Baillif"
1050101,"Blackbushe, United Kingdom: Blackbushe Airport"
1050102,"Blackbushe, United Kingdom: Blackbushe Airport"
1050201,"Berberati, Central African Republic: Berberati Airport"
1050202,"Berberati, Central African Republic: Berberati Airport"
1050203,"Berberati, Central African Republic: Berberati Airport"
1050301,"Bucharest, Romania: Baneasa"
1050302,"Bucharest, Romania: Aurel Vlaicu"
1050303,"Bucharest, Romania: Baneasa Aurel Vlaicu"
1050401,"Blue Bell, PA: Blue Bell Airport"
1050402,"Blue Bell, PA: Wings Field"
1050403,"Blue Bell, PA: Wings Field"
1050501,"Bambari, Central African Republic: Bambari Airport"
1050502,"Bambari, Central African Republic: Bambari Airport"
1050503,"Bambari, Central African Republic: Bambari Airport"
1050601,"Zambezi, Zambia: Zambezi Airport"
1050602,"Zambezi, Zambia: Zambezi Airport"
1050701,"Baracoa, Cuba: Gustavo Rizo"
1050702,"Baracoa, Cuba: Gustavo Rizo"
1050801,"Blacksburg, VA: Virginia Tech/Montgomery Executive"
1050802,"Blacksburg, VA: Virginia Tech/Montgomery Executive"
1050901,"Bear Creek, AK: Bear Creek Airport"
1051001,"Bacolod, Philippines: Bacolod Airport"
1051101,"Bryce Canyon, UT: Bryce Canyon Airport"
1051102,"Bryce Canyon, UT: Bryce Canyon Airport"
1051201,"Baucau, East Timor: Baucau Airport"
1051202,"Baucau, Timor-Leste: Cakung"
1051203,"Baucau, Timor-Leste: Cakung"
1051301,"Barcaldine, Australia: Barcaldine Airport"
1051302,"Barcaldine, Australia: Barcaldine Airport"
1051401,"Crestone, CO: Baca Grande"
1051501,"Barra del Colorado, Costa Rica: Barra del Colorado Airport"
1051502,"Barra del Colorado, Costa Rica: Barra del Colorado Airport"
1051601,"Bacau, Romania: Bacau Airport"
1051602,"Bacau, Romania: Bacau Airport"
1051701,"Barcelona, Spain: Barcelona Airport"
1051702,"Barcelona, Spain: Barcelona Airport"
1051703,"Barcelona, Spain: Barcelona-El Prat"
1051801,"Belle Chasse, LA: Southern Seaplane"
1051901,"Boca Raton, FL: Boca Raton Public"
1052001,"Bulchi, Ethiopia: Bulchi Airport"
1052101,"Hamilton, Bermuda: Bermuda NAS Kindley Field"
1052102,"Hamilton, Bermuda: Bermuda International"
