Code,Description
01A,"Afognak Lake, AK: Afognak Lake Airport"
03A,"Granite Mountain, AK: Bear Creek Mining Strip"
04A,"Lik, AK: Lik Mining Camp"
05A,"Little Squaw, AK: Little Squaw Airport"
06A,"Kizhuyak, AK: Kizhuyak Bay"
07A,"Klawock, AK: Klawock Seaplane Base"
08A,"Elizabeth Island, AK: Elizabeth Island Airport"
09A,"Homer, AK: Augustin Island"
1B1,"Hudson, NY: Columbia County"
1G4,"Peach Springs, AZ: Grand Canyon West"
1N7,"Blairstown, NJ: Blairstown Airport"
1NY,"Penn Yan, NY: Penn Yan Airport"
6B0,"Middlebury, VT: Middlebury State"
7AK,"Akun, AK: Akun Airport"
8F3,"Crosbyton, TX: Crosbyton Municipal"
A01,"Fairbanks/Ft. Wainwright, AK: Blair Lake"
A02,"Deadmans Bay, AK: Deadmans Bay Airport"
A03,"Hallo Bay, AK: Hallo Bay Airport"
A04,"Red Lake, AK: Red Lake Airport"
A05,"Shell Lake, AK: Shell Lake Airport"
A06,"Kougarok, AK: Navigator Airstrip"
A07,"Selawik, AK: Roland Norton Memorial"
A08,"Pillar Bay, AK: Pillar Bay Airport"
A09,"Johnstone Point, AK: Johnstone Point Airport"
A11,"Bell Creek, AK: Bell Creek Airport"
A12,"Cinnabar, AK: Cinnabar Airport"
A13,"Mountaintop Mine, AK: Mountaintop Mine Airport"
A14,"Whitebear, AK: Whitebear Airport"
A15,"Puviaq, AK: Puviaq Airport"
A16,"Arley Lake, AK: Arley Lake Airport"
A17,"Port Vita, AK: Port Vita Airport"
A18,"Kantishna, AK: Kantishna Airport"
A1K,"Deadhorse1, AK: Point Thomson Airstrip"
A20,"Alpine, AK: Alpine Airstrip"
A21,"Serpentine, AK: Serpentine Airport"
A22,"Driftwood Bay, AK: Driftwood Bay Airport"
A23,"Bradley Lake, AK: Bradley Lake Airport"
A24,"Chilkat Lake, AK: Chilkat Lake Airport"
A25,"Nugget Creek, AK: Nugget Creek Airport"
A26,"Ivotuk, AK: Ivotuk Airstrip"
A27,"Pogo Mines, AK: Pogo Mines Airport"
A28,"Ayakulik River, AK: Ayakulik River Airport"
A29,"Kiluda Bay, AK: Kiluda Bay Airport"
A2K,"Bartletts, AK: Bartletts Airport"
A30,"Terror Lake, AK: Terror Lake Airport"
A31,"Selief Bay, AK: Selief Bay Airport"
A34,"Laura Lake, AK: Laura Lake Airport"
A35,"Kaktovik, AK: Bullen Point AFS"
A36,"Deep Bay, AK: Deep Bay Airport"
A37,"Kako, AK: Kako Airport"
A38,"Molly Creek, AK: Molly Creek Airport"
A39,"Ptarmigan Lake, AK: Ptarmigan Lake Airport"
A3K,"Smith Bay, AK: Smith Bay Airport"
A40,"Cape Simpson, AK: Cape Simpson Airport"
A41,"Kogru River, AK: Kogru River Airport"
A42,"Teshepkuk Lake, AK: Teshepkuk Lake Airport"
A43,"Kodiak Island, AK: Trident Basin Seaplane Base"
A45,"Lake Florence, AK: Lake Florence Airport"
A46,"Lake Hasselborg, AK: Lake Hasselborg Airport"
A47,"Distin Lake, AK: Distin Lake Airport"
A48,"Port Hobron, AK: Port Hobron Airport"
A49,"Mooseville Airstrip, AK: Mooseville Airstrip Airport"
A4K,"Dune Lake, AK: Dune Lake Airport"
A50,"Big Bay, AK: Big Bay Airport"
A51,"Wien Lake, AK: Wien Lake Airport"
A52,"Silver Salmon Creek, AK: Silver Salmon Creek Airport"
A53,"Blear Lake, AK: Blear Lake Airport"
A54,"Cannery Bay, AK: Cannery Bay Airport"
A56,"Bear Lake, AK: Johnsons Landing"
A57,"International Seafoods, AK: International Seafoods Airport"
A58,"Cosna River, AK: Cosna River Airport"
A59,"Ivatuk, AK: Ivatuk Airport"
A61,"Cape Sarichef, AK: Cape Sarichef Airport"
A62,"Taylor Mountain Mine, AK: Taylor Mountain"
A63,"Yukon Charley Rivvers, AK: Coal Creek"
A65,"Karluk Portage, AK: Karluk Portage Airport"
A66,"Hope, AK: Hope Airport"
A67,"Viekoda Bay, AK: Viekoda Bay Airport"
A69,"Cold Bay, AK: Cathedral Strip"
A70,"Village Islands, AK: Village Islands Airport"
A71,"Homer, AK: Bear Cove Farm"
A72,"Chinitna Bay, AK: Chinitna Bay Airport"
A73,"McKinley Park, AK: McKinley National Park"
A74,"Nanwalek, AK: Dog Fish Bay"
A75,"Malina Bay, AK: Malina Bay Airport"
A76,"Red Fox Bay, AK: Red Fox Bay Airport"
A77,"Shearwater, AK: Shearwater Airport"
A78,"Cape Simpson, AK: Lake"
A79,"Cape Simpson, AK: Cape Simpson No. 1"
A80,"Cape Simpson, AK: Cape Simpson No. 7"
A81,"Aglaq, AK: Cape Simpson #1"
A82,"Nikiski, AK: Nikiski Private Airstrip"
A83,"Petrof Point, AK: Petrof Point Airport"
A84,"Denali, AK: Denali West Lodge Private"
A85,"Big River, AK: Big River Airport"
A87,"Carry Inlet, AK: Carry Inlet Airport"
A89,"Montague Island, AK: Montague Island Airport"
A90,"Shannon Pond, AK: Shannon Pond Airport"
A91,"Omalik Lagoon, AK: Omalik Lagoon Airport"
A92,"Omolik Lagoon, AK: Omolik Lagoon Airport"
A93,"Bradley Lake Project, AK: Bradley Lake Project Airport"
A94,"Barrow, AK: Ice Strip"
A95,"Barrow, AK: Ice Strip"
A96,"Barrow, AK: Ice Strip"
A97,"Akulik, AK: Akulik Air Strip"
A98,"Deadfall, AK: Deadfall Air Strip"
A99,"Eagle Creek, AK: Eagle Creek Airport"
AA1,"Bethel, AK: Ice Kong"
AA2,"Naknek-1, AK: Icicle Seafoods"
AA4,"Kachemak Bay, AK: Glacier Split"
AA5,"Selby Lake, AK: Selby Lake Airport"
AA7,"Independence Creek, AK: Independence Creek Airport"
AA8,"Deadhorse, AK: Badami"
AAA,"Anaa, French Polynesia: Anaa Airport"
AAB,"Arrabury, Australia: Arrabury Station"
AAC,"El Arish, Egypt: El Arish International"
AAD,"Ad-Dabbah, Sudan: Ad-Dabbah Airport"
AAE,"Annaba, Algeria: Rabah Bitat"
AAF,"Apalachicola, FL: Apalachicola Regional Cleve Randolph Field"
AAH,"Aachen, Germany: Aachen/Merzbruck"
AAI,"Arraias, Brazil: Arraias Airport"
AAL,"Aalborg, Denmark: Aalborg Airport"
AAM,"Mala Mala, South Africa: Malamala"
AAN,"Al Ain, United Arab Emirates: Al Ain International"
AAO,"Anaco, Venezuela: Anaco Airport"
AAQ,"Anapa, Russia: Anapa Airport"
AAR,"Aarhus, Denmark: Aarhus Airport"
AAU,"Asau, Samoa: Asau W Sam"
AAX,"Araxa, Brazil: Araxa Airport"
ABA,"Abakan, Russia: Abakan Airport"
ABD,"Abadan, Iran: Abadan Airport"
ABE,"Allentown/Bethlehem/Easton, PA: Lehigh Valley International"
ABI,"Abilene, TX: Abilene Regional"
ABJ,"Abidjan, Cote d'Ivoire: Felix Houphouet Boigny Abidjan International"
ABK,"Kabri Dar, Ethiopia: Kebri Dahar"
ABL,"Ambler, AK: Ambler River"
ABQ,"Albuquerque, NM: Albuquerque International Sunport"
ABR,"Aberdeen, SD: Aberdeen Regional"
ABS,"Abu Simbel, Egypt: Abu Simbel Airport"
ABT,"Al-Baha, Saudi Arabia: Al-Baha Airport"
ABV,"Abuja, Nigeria: Abuja Nnamdi Azikiwe International"
ABX,"Albury, Australia: Albury Airport"
ABY,"Albany, GA: Southwest Georgia Regional"
ABZ,"Aberdeen, United Kingdom: Aberdeen Dyce"
ACA,"Acapulco, Mexico: General Juan N Alvarez International"
ACB,"Bellaire, MI: Antrim County"
ACC,"Accra, Ghana: Accra Kotoka International"
ACE,"Arrecife, Spain: Lanzarote"
ACH,"Altenrhein, Switzerland: St Gallen Altenrhein"
ACI,"Alderney, United Kingdom: Alderney Airport"
ACK,"Nantucket, MA: Nantucket Memorial"
ACT,"Waco, TX: Waco Regional"
ACU,"Achutupo, Panama: Achutupo Airport"
ACV,"Arcata/Eureka, CA: Arcata"
ACY,"Atlantic City, NJ: Atlantic City International"
ADA,"Adana, Turkey: Adana International"
ADB,"Izmir, Turkey: Adnan Menderes"
ADC,"Andakombe, Papua New Guinea: Andakombe Airport"
ADD,"Addis Ababa, Ethiopia: Bole International"
ADE,"Aden, Yemen: Aden International"
ADJ,"Amman, Jordan: Marka International"
ADK,"Adak Island, AK: Adak"
ADL,"Adelaide, Australia: Adelaide International"
ADM,"Ardmore, OK: Ardmore Municipal"
ADN,"Andes, Colombia: Andes Airport"
ADO,"Andamooka, Australia: Andamooka Airport"
ADQ,"Kodiak, AK: Kodiak Airport"
ADS,"Dallas, TX: Addison"
ADT,"Ada, OK: Ada Municipal"
ADW,"Camp Springs, MD: Joint Base Andrews"
ADX,"St Andrews, United Kingdom: RAF Leuchars"
ADZ,"San Andres Island, Colombia: Gustavo Rojas Pinilla"
AE1,"Liwa, United Arab Emirates: Liwa Airbase"
AED,"Aleneva, AK: Aleneva Airport"
AEG,"Padang Sidempuan, Indonesia: Aek Godang"
AEH,"Abeche, Chad: Abeche Airport"
AEO,"Aioun El Atrouss, Mauritania: Aioun El Atrouss Airport"
AEP,"Buenos Aires, Argentina: Aeroparque Jorge Newbery"
AER,"Adler/Sochi, Russia: Adler/Sochi Airport"
AES,"Aalesund, Norway: Vigra"
AET,"Allakaket, AK: Allakaket Airport"
AEX,"Alexandria, LA: Alexandria International"
AEY,"Akureyri, Iceland: Akureyri Airport"
AF1,"Bagram, Afghanistan: Bagram Air Base"
AF2,"Lashkar Gah, Afghanistan: Bastion Airfield"
AF3,"Dwyer, Afghanistan: Dwyer Airport"
AF4,"Shindand, Afghanistan: Shindand Airport"
AFA,"San Rafael, Argentina: San Rafael Airport"
AFF,"Colorado Springs, CO: USAF Academy Airfield"
AFK,"Nebraska, NE: Nebraska City Municipal"
AFO,"Afton, WY: Afton Municipal"
AFP,"Wadesboro, NC: Anson County"
AFU,"Doha, Qatar: Al Udeid Air Base"
AFW,"Dallas/Fort Worth, TX: Fort Worth Alliance"
AFY,"Afyon, Turkey: Afyon Airport"
AGA,"Agadir, Morocco: Inezgane"
AGB,"Augsburg, Germany: Augsburg Airport"
AGC,"Pittsburgh, PA: Allegheny County"
AGF,"Agen, France: Agen La Garenne"
AGG,"Angoram, Papua New Guinea: Angoram Airport"
AGH,"Angelholm/Helsingborg, Sweden: Angelholm"
AGK,"Kagua, Papua New Guinea: Kagua Airport"
AGL,"Wanigela, Papua New Guinea: Wanigela Airport"
AGN,"Angoon, AK: Angoon Seaplane Base"
AGP,"Malaga, Spain: Malaga Costa del Sol"
AGQ,"Agrinion, Greece: Agrinion Airport"
AGR,"Agra, India: Agra Airport"
AGS,"Augusta, GA: Augusta Regional at Bush Field"
AGT,"Ciudad del Este, Paraguay: Guarani International"
AGU,"Aguascalientes, Mexico: Jesus Teran International"
AGV,"Acarigua, Venezuela: Oswaldo Guevara Mujica"
AGX,"Agatti Island, India: Agatti Island Airport"
AHA,"Okinawa, Japan: Naha AB"
AHB,"Abha, Saudi Arabia: Abha Airport"
AHD,"Ardmore, OK: Ardmore Downtown Executive"
AHN,"Athens, GA: Athens/Ben Epps"
AHO,"Alghero/Sassari, Italy: Alghero"
AHS,"Ahuas, Honduras: Auas"
AHT,"Amchitka Island, AK: Amchitka"
AHU,"Al Hoceima, Morocco: Cherif El Idrissi International"
AIA,"Alliance, NE: Alliance Municipal"
AIB,"Anita Bay, AK: Anita Bay Airport"
AID,"Anderson, IN: Anderson Municipal-Darlington Field"
AIK,"Aiken, SC: Aiken Municipal"
AIN,"Wainwright, AK: Wainwright Airport"
AIT,"Aitutaki, Cook Islands: Aitutaki Airport"
AIY,"Atlantic City, NJ: Bader Field"
AIZ,"Lake of the Ozarks, MO: Lee C Fine Memorial"
AJA,"Ajaccio, France: Ajaccio Napoleon Bonaparte"
AJF,"Jouf, Saudi Arabia: Al Jouf"
AJJ,"Akjoujt, Mauritania: Akjoujt Airport"
AJL,"Aizwal, India: Lengpui"
AJN,"Anjouan, Comoros: Ouani"
AJR,"Arvidsjaur, Sweden: Arvidsjaur Airport"
AJU,"Aracaju, Brazil: Santa Maria"
AJY,"Agades, Niger: Mano Dayak"
AK1,"Seward Peninsula, AK: Kelly Creek Airstrip"
AK2,"Bear Fish Camp, AK: Bear Fish Camp Airport"
AK3,"Fairbanks, AK: Gold King Creek"
AK4,"Squaw Lake, AK: Squaw Lake Airport"
AK5,"Qugruc, AK: Qugruc Airport"
AK6,"Gold King 2, AK: Gold King 2 Airport"
AK7,"Rampart, AK: Hunter Creek"
AK8,"Zips, AK: Zips Airport"
AK9,"Tolstoi Bay, AK: Tolstoi Bay Airport"
AKB,"Atka, AK: Atka Airport"
AKC,"Akron, OH: Akron Fulton International"
AKF,"Kufrah, Libya: Kufra"
AKH,"Al Kharj, Saudi Arabia: Prince Sultan AB"
AKI,"Akiak, AK: Akiak Airport"
AKJ,"Asahikawa, Japan: Asahikawa Airport"
AKK,"Akhiok, AK: Akhiok Airport"
AKL,"Auckland, New Zealand: Auckland International"
AKN,"King Salmon, AK: King Salmon Airport"
AKO,"Akron, CO: Colorado Plains Regional"
AKP,"Anaktuvuk Pass, AK: Anaktuvuk Pass Airport"
AKR,"Akure, Nigeria: Akure Airport"
AKS,"Auki, Solomon Islands: Auki Airport"
AKT,"Akrotiri, Cyprus: Akrotiri Airport"
AKX,"Aktyubinsk, Kazakhstan: Aktyubinsk Airport"
AKY,"Sittwe, Burma: Sittwe Airport"
AL1,"Albertville, AL: Albertville Regional-Thomas J Brumlik Field"
AL2,"Alabaster, AL: Shelby County"
AL3,"Huntsville, AL: Huntsville Executive Airport Tom Sharp Jr"
AL4,"Andalusia/Opp, AL: South Alabama Regional at Bill Benton Field"
AL5,"Demopolis, AL: Demopolis Regional"
AL6,"Fairhope, AL: H. L. Sonny Callahan"
AL7,"Jasper, AL: Walker County Bevill Field"
ALA,"Almaty, Kazakhstan: Almaty Airport"
ALB,"Albany, NY: Albany International"
ALC,"Alicante, Spain: Alicante Elche"
ALE,"Alpine, TX: Alpine Casparis Municipal"
ALF,"Alta, Norway: Alta Airport"
ALG,"Algiers, Algeria: Houari Boumediene"
ALH,"Albany, Australia: Albany Airport"
ALI,"Alice, TX: Alice International"
ALJ,"Alexander Bay, South Africa: Alexander Bay Airport"
ALK,"Asela, Ethiopia: Asela Airport"
ALM,"Alamogordo, NM: Alamogordo White Sands Regional"
ALN,"Alton, IL: St. Louis Regional"
ALO,"Waterloo, IA: Waterloo Regional"
ALP,"Aleppo, Syria: Aleppo International"
ALQ,"Alegrete, Brazil: Alegrete Airport"
ALR,"Alexandra, New Zealand: Alexandra Airport"
ALS,"Alamosa, CO: San Luis Valley Regional/Bergman Field"
ALT,"Alenquer, Brazil: Alenquer Airport"
ALU,"Alula, Somalia: Alula Airport"
ALW,"Walla Walla, WA: Walla Walla Regional"
ALX,"Alexander City, AL: Thomas C. Russell Field"
ALY,"Alexandria, Egypt: Alexandria International"
ALZ,"Lazy Bay, AK: Alitak Seaplane Base"
AMA,"Amarillo, TX: Rick Husband Amarillo International"
AMD,"Ahmedabad, India: Ahmedabad Airport"
AMF,"Ama, Papua New Guinea: Ama Airport"
AMG,"Amboin, Papua New Guinea: Amboin Airport"
AMH,"Arba Minch, Ethiopia: Arba Minch Airport"
AMI,"Mataram, Indonesia: Selaparang"
AMK,"Durango, CO: Animas Air Park"
AML,"Puerto Armuelles, Panama: Puerto Armuelles Airport"
AMM,"Amman, Jordan: Queen Alia International"
AMN,"Alma, MI: Gratiot Community"
AMO,"Mao, Chad: Mao Airport"
AMP,"Ampanihy, Madagascar: Ampanihy Airport"
AMQ,"Ambon, Indonesia: Pattimura"
AMS,"Amsterdam, Netherlands: Schiphol"
AMW,"Ames, IA: Ames Municipal"
AMX,"Ammaroo, Australia: Ammaroo Station"
AMY,"Ambatomainty, Madagascar: Ambatomainty Airport"
ANA,"Anaheim, CA: Anaheim-Disneyland HP"
ANB,"Anniston, AL: Anniston Regional"
ANC,"Anchorage, AK: Ted Stevens Anchorage International"
AND,"Anderson, SC: Anderson Regional"
ANE,"Angers, France: Angers Marce"
ANF,"Antofagasta, Chile: Andres Sabella International"
ANG,"Angouleme, France: Angouleme Brie Champniers"
ANI,"Aniak, AK: Aniak Airport"
ANK,"Ankara, Turkey: Etimesgut"
ANM,"Antalaha, Madagascar: Antsirabato"
ANN,"Annette, AK: Annette Island"
ANO,"Angoche, Mozambique: Angoche Airport"
ANP,"Annapolis, MD: Lee"
ANR,"Antwerp, Belgium: Deurne"
ANS,"Andahuaylas, Peru: Andahuaylas Airport"
ANU,"St. Johns, Antigua and Barbuda: V C Bird International"
ANV,"Anvik, AK: Anvik Airport"
ANX,"Andeness, Norway: Andoya"
AOH,"Lima, OH: Lima Allen County"
AOI,"Ancona, Italy: Falconara"
AOJ,"Aomori, Japan: Aomori Airport"
AOK,"Karpathos, Greece: Karpathos Airport"
AOL,"Paso de Los Libres, Argentina: Paso de Los Libres Airport"
AOO,"Altoona, PA: Altoona-Blair County"
AOR,"Alor Setar, Malaysia: Sultan Abdul Halim"
AOS,"Amook Bay, AK: Amook Bay Airport"
APA,"Denver, CO: Centennial"
APB,"Apolo, Bolivia: Apolo Airport"
APC,"Napa, CA: Napa County"
APE,"San Juan Aposento, Peru: San Juan Aposento Airport"
APF,"Naples, FL: Naples Municipal"
APG,"Aberdeen, MD: Phillips AAF"
API,"Villavicencio, Colombia: Gomez Nino Apiay AB"
APK,"Apataki, French Polynesia: Apataki Airport"
APL,"Nampula, Mozambique: Nampula Airport"
APN,"Alpena, MI: Alpena County Regional"
APO,"Apartado, Colombia: Apartado Airport"
APR,"April River, Papua New Guinea: April River Airport"
APT,"Jasper, TN: Marion County Brown Field"
APV,"Apple Valley, CA: Apple Valley Airport"
APW,"Apia, Samoa: Faleolo International"
AQI,"Qaisumah, Saudi Arabia: Al Qaisumah"
AQJ,"Aqaba, Jordan: Aqaba King Hussein International"
AQP,"Arequipa, Peru: Rodriguez Ballon International"
AQS,"Saqani, Fiji: Saqani Airport"
AQY,"Girdwood, AK: Girdwood Airport"
AR1,"Russellville, AR: Russellville Regional"
AR2,"Conway, AR: Dennis F Cantrell Field"
ARA,"New Iberia, LA: Acadiana Regional"
ARB,"Ann Arbor, MI: Ann Arbor Municipal"
ARC,"Arctic Village, AK: Arctic Village Airport"
ARD,"Alor, Indonesia: Arcadia Municipal"
ARE,"Arecibo, PR: Antonio/Nery/Juarbe Pol"
ARG,"Walnut Ridge, AR: Walnut Ridge Regional"
ARH,"Arkhangelsk, Russia: Arkhangelsk Airport"
ARI,"Arica, Chile: Chacalluta"
ARK,"Arusha, Tanzania: Arusha Airport"
ARM,"Armidale, Australia: Armidale Airport"
ARN,"Stockholm, Sweden: Arlanda"
ARP,"Aragip, Papua New Guinea: Aragip Airport"
ARQ,"Arauquita, Colombia: Arauquita Airport"
ARS,"Aragarcas, Brazil: Aragarcas Airport"
ART,"Watertown, NY: Watertown International"
ARU,"Aracatuba, Brazil: Aracatuba Airport"
ARV,"Minocqua/Woodruff, WI: Lakeland/Noble F. Lee Memorial Field"
ARW,"Arad, Romania: Arad Airport"
ARX,"Asbury Park, NJ: Asbury Park/Monmouth County"
ARY,"Ararat, Australia: Ararat Airport"
ARZ,"N'zeto, Angola: N'zeto Airport"
ASA,"Assab, Eritrea: Assab International"
ASB,"Ashgabat, Turkmenistan: Ashgabat Airport"
ASC,"Ascension, Bolivia: Ascension Airport"
ASD,"Andros Town, The Bahamas: Fresh Creek"
ASE,"Aspen, CO: Aspen Pitkin County Sardy Field"
ASF,"Astrakhan , Russia: Narimanova"
ASG,"Ashburton, New Zealand: Ashburton Airport"
ASH,"Nashua, NH: Boire Field"
ASI,"Ascension Island, Saint Helena, Ascension, and Tristan da Cunha: Ascension Aux Af"
ASJ,"Amami O Shima, Japan: Amami"
ASK,"Yamoussoukro, Cote d'Ivoire: Yamoussoukro Airport"
ASL,"Marshall, TX: Harrison County"
ASM,"Asmara, Eritrea: Asmara International"
ASN,"Talladega, AL: Talladega Municipal"
ASO,"Asosa, Ethiopia: Asosa Hidase"
ASP,"Alice Springs, Australia: Alice Springs Airport"
ASQ,"Austin, NV: Austin Airport"
ASR,"Kayseri, Turkey: Kayseri Airport"
AST,"Astoria/Seaside, OR: Astoria Regional"
ASU,"Asuncion, Paraguay: Silvio Pettirossi International"
ASW,"Aswan, Egypt: Aswan International"
ASX,"Ashland, WI: John F Kennedy Memorial"
ASY,"Ashley, ND: Ashley Municipal"
ATA,"Anta, Peru: Anta Huaraz"
ATB,"Atbara, Sudan: Atbara Airport"
ATC,"Arthur's Town, The Bahamas: Arthur's Town Airport"
ATE,"Antlers, OK: Antlers Municipal"
ATH,"Athens, Greece: Eleftherios Venizelos International"
ATI,"Artigas, Uruguay: Artigas International"
ATK,"Atqasuk, AK: Atqasuk Edward Burnell Sr. Memorial"
ATL,"Atlanta, GA: Hartsfield-Jackson Atlanta International"
ATM,"Altamira, Brazil: Altamira Airport"
ATN,"Namatanai, Papua New Guinea: Namatanai Airport"
ATO,"Athens, OH: Ohio University"
ATP,"Aitape, Papua New Guinea: Aitape Airport"
ATQ,"Amritsar, India: Amritsar Airport"
ATR,"Atar, Mauritania: Atar Airport"
ATS,"Artesia, NM: Artesia Municipal"
ATT,"Atmautluak, AK: Atmautluak Airport"
ATU,"Attu, AK: Casco Cove CGS"
ATV,"Ati, Chad: Ati Airport"
ATW,"Appleton, WI: Appleton International"
ATY,"Watertown, SD: Watertown Regional"
ATZ,"Assiut, Egypt: Assiut Airport"
AU1,"Weipa, Australia: Scherger"
AUA,"Aruba, Aruba: Reina Beatrix International"
AUC,"Arauca, Colombia: Santiago Perez"
AUD,"Augustus Downs, Australia: Augustus Downs Airport"
AUG,"Augusta/Waterville, ME: Augusta State"
AUH,"Abu Dhabi, United Arab Emirates: Abu Dhabi International"
AUI,"Aua Island, Papua New Guinea: Aua Island Airport"
AUK,"Alakanuk, AK: Alakanuk Airport"
AUM,"Austin/Albert Lea, MN: Austin Municipal"
AUN,"Auburn, CA: Auburn Municipal"
AUO,"Auburn, AL: Auburn University Regional"
AUP,"Aguan, Papua New Guinea: Aguan Papua N.G."
AUQ,"Atuona, French Polynesia: Hiva Oa/Atuona"
AUR,"Aurillac, France: Aurillac Airport"
AUS,"Austin, TX: Austin - Bergstrom International"
AUW,"Wausau, WI: Wausau Downtown"
AUX,"Araguaina, Brazil: Araguaina Airport"
AUY,"Aneityum, Vanuatu: Aneityum Airport"
AUZ,"Aurora, IL: Aurora Municipal"
AVB,"Aviano, Italy: Aviano AB"
AVI,"Ciego de Avila, Cuba: Maximo Gomez"
AVL,"Asheville, NC: Asheville Regional"
AVN,"Avignon, France: Avignon Caumont"
AVO,"Avon Park, FL: Avon Park Executive"
AVP,"Scranton/Wilkes-Barre, PA: Wilkes Barre Scranton International"
AVV,"Avalon, Australia: Avalon Airport"
AVW,"Tucson, AZ: Marana Regional"
AVX,"Avalon, CA: Catalina"
AWA,"Awasa, Ethiopia: Lake Awasa"
AWK,"Wake Island, TT: Wake Island Airfield"
AWM,"West Memphis, AR: West Memphis Municipal"
AWR,"Awar, Papua New Guinea: Awar Airport"
AWX,"Andrews, TX: Andrews County"
AWZ,"Ahwaz, Iran: Ahwaz Airport"
AXA,"The Valley, Anguilla: Clayton J. Lloyd"
AXB,"Alexandria Bay, NY: Maxson Airfield"
AXC,"Aramac, Australia: Aramac Airport"
AXD,"Alexandroupolis, Greece: Dimokritos"
AXM,"Armenia, Colombia: El Eden"
AXN,"Alexandria, MN: Chandler Field"
AXP,"Spring Point, The Bahamas: Spring Point Airport"
AXS,"Altus, OK: Altus/Quartz Mountain Regional"
AXT,"Akita, Japan: Akita Airport"
AXU,"Axum, Ethiopia: Axum Airport"
AXV,"Wapakoneta, OH: Neil Armstrong"
AXX,"Eagle Nest, NM: Angel Fire"
AYL,"Anthony Lagoon, Australia: Anthony Lagoon Airport"
AYP,"Ayacucho, Peru: Coronel FAP Alfredo Mendivil Duarte"
AYQ,"Ayers Rock, Australia: Ayers Rock Connellan"
AYR,"Ayr, Australia: Ayr Airport"
AYS,"Waycross, GA: Waycross-Ware County"
AYT,"Antalya, Turkey: Antalya Airport"
AYW,"Ayawasi, Indonesia: Ayawasi Airport"
AZ1,"Grand Canyon, AZ: Valle"
AZ2,"Williams, AZ: H. A. Clark Memorial Field"
AZ3,"Glendale, AZ: Glendale Municipal"
AZ4,"Salome, AZ: Sheepy Hollow Ranch"
AZ5,"Springerville, AZ: Springerville Municipal"
AZ6,"Gila Bend, AZ: Gila Bend Municipal"
AZA,"Phoenix, AZ: Phoenix - Mesa Gateway"
AZD,"Yazd, Iran: Shahid Sadooghi"
AZG,"Apatzingan, Mexico: Pablo L. Sidar"
AZI,"Abu Dhabi, United Arab Emirates: Al Bateen Executive"
AZO,"Kalamazoo, MI: Kalamazoo/Battle Creek International"
AZS,"Samana, Dominican Republic: El Catey International"
B19,"Biddeford, ME: Biddeford Municipal"
B1C,"Baker Island, Canada: Blackfish Lodge"
B21,"Carrabassett, ME: Sugarloaf Regional"
B2C,"Blind Channel, Canada: Blind Channel Water Aerodrome"
B3C,"Minstrel Island, Canada: Minstrel Island Water Aerodrome"
B4C,"Simoom Sound, Canada: Simoom Sound Water Aerodrome"
BAA,"Bialla, Papua New Guinea: Bialla Airport"
BAB,"Marysville, CA: Beale AFB"
BAC,"Barranca de Upia, Colombia: Barranca de Upia Airport"
BAD,"Shreveport, LA: Barksdale AFB"
BAE,"Barcelonnette, France: Barcelonnette Airport"
BAF,"Westfield, MA: Westfield Barnes Regional"
BAG,"Baguio, Philippines: Baguio Airport"
BAH,"Manama, Bahrain: Bahrain International"
BAI,"Buenos Aires, Costa Rica: Buenos Aires Airport"
BAK,"Baku, Azerbaijan: Baku Metropolitan Area"
BAL,"Batman, Turkey: Batman Airport"
BAM,"Battle Mountain, NV: Battle Mountain Airport"
BAO,"Ban Mak Khaeng, Thailand: Udorn AB"
BAQ,"Barranquilla, Colombia: Ernesto Cortissoz"
BAR,"Baker Island, AK: Baker AAF"
BAT,"Barretos, Brazil: Chafei Amsei"
BAU,"Bauru, Brazil: Bauru-Arealva"
BAV,"Baotou, China: Baotou Airport"
BAX,"Barnaul, Russia: Barnaul Airport"
BAY,"Baia Mare, Romania: Baia Mare Airport"
BAZ,"Barcelos, Brazil: Barcelos Airport"
BBA,"Balmaceda, Chile: Balmaceda Airport"
BBC,"Bay City, TX: Bay City Municipal"
BBD,"Brady, TX: Curtis Field"
BBF,"Burlington, MA: N Eng Heliport"
BBH,"Al-Baha, Saudi Arabia: Al-Baha Airport"
BBI,"Bhubaneswar, India: Bhubaneswar Airport"
BBO,"Berbera, Somalia: Berbera International"
BBQ,"Barbuda, Antigua and Barbuda: Cocoa Point"
BBR,"Basse Terre, Guadeloupe: Baillif"
BBS,"Blackbushe, United Kingdom: Blackbushe Airport"
BBT,"Berberati, Central African Republic: Berberati Airport"
BBU,"Bucharest, Romania: Baneasa Aurel Vlaicu"
BBW,"Broken Bow, NE: Broken Bow Municipal Kieth Glaze Field"
BBX,"Blue Bell, PA: Wings Field"
BBY,"Bambari, Central African Republic: Bambari Airport"
BBZ,"Zambezi, Zambia: Zambezi Airport"
BC1,"Port Harvey, Canada: Port Harvey Water Aerodrome"
BC2,"Berry Island, Canada: Farewell Harbour"
BC3,"Bliss Landing, Canada: Bliss Landing Water Aerodrome"
BC4,"Cordero Lodge, Canada: Cordero Lodge Airport"
BC5,"Dent Island , Canada: Dent Island Lodge"
BC6,"Egmont, Canada: Egmont Water Aerodrome"
BC7,"Sonora Island, Canada: Sonora Resort"
BC8,"Hanson Island, Canada: Pacific Outback Resort"
BC9,"Mink Island, Canada: Mink Island Water Aerodrome"
BCA,"Baracoa, Cuba: Gustavo Rizo"
BCB,"Blacksburg, VA: Virginia Tech/Montgomery Executive"
BCC,"Bear Creek, AK: Bear Creek Airport"
BCD,"Bacolod, Philippines: Bacolod Airport"
BCE,"Bryce Canyon, UT: Bryce Canyon Airport"
BCH,"Baucau, Timor-Leste: Cakung"
BCI,"Barcaldine, Australia: Barcaldine Airport"
BCJ,"Crestone, CO: Baca Grande"
BCL,"Barra del Colorado, Costa Rica: Barra del Colorado Airport"
BCM,"Bacau, Romania: Bacau Airport"
BCN,"Barcelona, Spain: Barcelona-El Prat"
BCS,"Belle Chasse, LA: Southern Seaplane"
BCT,"Boca Raton, FL: Boca Raton Public"
BCY,"Bulchi, Ethiopia: Bulchi Airport"
BDA,"Hamilton, Bermuda: L. F. Wade International"
BDB,"Bundaberg, Australia: Bundaberg Airport"
BDE,"Baudette, MN: Baudette International"
BDG,"Blanding, UT: Blanding Municipal"
BDH,"Bandar Lengeh, Iran: Bandar Lengeh Airport"
BDI,"Bird Island, Seychelles: Bird Island Airport"
BDJ,"Bandjarmasin, Indonesia: Syamsudin Noor"
BDK,"Bondoukou, Cote d'Ivoire: Bondoukou/Soko"
BDL,"Hartford, CT: Bradley International"
BDM,"Bandirma, Turkey: Bandirma Airport"
BDN,"Badin, Pakistan: Talhar"
BDO,"Bandung, Indonesia: Husein Sastranegara"
BDP,"Bhadrapur/Chandragadhi, Nepal: Chandragadhi"
BDQ,"Vadodara, India: Vadodara Airport"
BDR,"Bridgeport, CT: Igor I Sikorsky Memorial"
BDS,"Brindisi, Italy: Casale"
BDU,"Bardufoss, Norway: Bardufoss Airport"
BDY,"Bandon, OR: Bandon State"
BEB,"Benbecula, United Kingdom: Benbecula Airport"
BEC,"Wichita, KS: Beech Factory"
BED,"Bedford, MA: Laurence G Hanscom Field"
BEF,"Bluefields, Nicaragua: Bluefields Airport"
BEG,"Belgrade, Serbia: Beograd"
BEH,"Benton Harbor/St. Joseph, MI: Southwest Michigan Regional"
BEI,"Beica, Ethiopia: Beica Airport"
BEL,"Belem, Brazil: Val de Cans International"
BEN,"Benghazi, Libya: Benina International"
BEO,"Newcastle, Australia: Aeropelican"
BER,"Berlin, Germany: Berlin Metropolitan Area"
BES,"Brest, France: Brest Bretagne"
BET,"Bethel, AK: Bethel Airport"
BEU,"Bedourie, Australia: Bedourie North"
BEV,"Beersheba, Israel: Teyman"
BEW,"Beira, Mozambique: Beira Airport"
BEY,"Beirut, Lebanon: Rafic Hariri International"
BFB,"Blue Fox Bay, AK: Blue Fox Bay Airport"
BFD,"Bradford, PA: Bradford Regional"
BFF,"Scottsbluff, NE: Western Neb. Regional/William B. Heilig Field"
BFI,"Seattle, WA: Boeing Field/King County International"
BFK,"Aurora, CO: Buckley AFB"
BFL,"Bakersfield, CA: Meadows Field"
BFM,"Mobile, AL: Mobile Downtown"
BFN,"Bloemfontein, South Africa: Bram Fischer International"
BFO,"Buffalo Range, Zimbabwe: Buffalo Range Airport"
BFP,"Beaver Falls, PA: Beaver County"
BFQ,"Bahia de Pinas, Panama: Bahia de Pinas Airport"
BFR,"Bedford, IN: Virgil I Grissom Municipal"
BFS,"Belfast, United Kingdom: Belfast Aldergrove"
BFT,"Beaufort, SC: Beaufort County"
BGA,"Bucaramanga, Colombia: Palonegro"
BGB,"Booue, Gabon: Booue Airport"
BGD,"Borger, TX: Hutchinson County"
BGE,"Bainbridge, GA: Decatur County Industrial Air Park"
BGF,"Bangui, Central African Republic: Bangui-M'Poko"
BGH,"Bogue, Mauritania: Abbaye"
BGI,"Barbados/Bridgetown, Barbados: Grantley Adams International"
BGL,"Baglung, Nepal: Baglung Airport"
BGM,"Binghamton, NY: Greater Binghamton/Edwin A. Link Field"
BGN,"Bruggen, Germany: Bruggen Airport"
BGO,"Bergen, Norway: Flesland"
BGQ,"Big Lake, AK: Big Lake Airport"
BGR,"Bangor, ME: Bangor International"
BGS,"Big Spring, TX: Big Spring McMahon-Wrinkle"
BGT,"Bagdad, AZ: Bagdad Airport"
BGU,"Bangassou, Central African Republic: Bangassou Airport"
BGW,"Baghdad, Iraq: Al Muthana"
BGX,"Bage, Brazil: Comandante Gustavo Kraemer"
BGY,"Bergamo, Italy: Bergamo Orio Al Serio"
BH1,"Shaikh Isa, Bahrain: Isa AB"
BHB,"Bar Harbor, ME: Hancock County-Bar Harbor"
BHC,"Bullhead City, AZ: Laughlin Bullhead International"
BHD,"Belfast, United Kingdom: Belfast City"
BHE,"Blenheim, New Zealand: Woodbourne"
BHG,"Brus Laguna, Honduras: Araslaya"
BHH,"Bisha, Saudi Arabia: Bisha Airport"
BHI,"Bahia Blanca, Argentina: Comandante Espora"
BHJ,"Bhuj, India: Bhuj Airport"
BHK,"Bukhara, Uzbekistan: Bukhara Airport"
BHL,"Bahia de Los Angeles, Mexico: Bahia de Los Angeles North"
BHM,"Birmingham, AL: Birmingham-Shuttlesworth International"
BHN,"Beihan, Yemen: Beihan Airport"
BHO,"Bhopal, India: Raja Bhoj"
BHQ,"Broken Hill, Australia: Broken Hill Airport"
BHR,"Bharatpur, Nepal: Bharatpur Airport"
BHS,"Bathurst, Australia: Bathurst Airport"
BHT,"Brighton Downs, Australia: Brighton Downs Airport"
BHU,"Bhavnagar, India: Bhavnagar Airport"
BHV,"Bahawalpur, Pakistan: Bahawalpur International"
BHX,"Birmingham, United Kingdom: Birmingham Airport"
BHY,"Beihai, China: Beihai Airport"
BHZ,"Belo Horizonte, Brazil: Belo Horizonte Metropolitan Area"
BIA,"Bastia, France: Bastia Poretta"
BIC,"Big Creek, AK: Big Creek Airport"
BID,"Block Island, RI: Block Island State"
BIE,"Beatrice, NE: Beatrice Municipal"
BIF,"El Paso, TX: Biggs AAF"
BIG,"Big Delta, AK: Allen AAF"
BIH,"Bishop, CA: Bishop Airport"
BII,"Bikini Atoll, Marshall Islands: Bikini Atoll Airport"
BIK,"Biak, Indonesia: Manuhua"
BIL,"Billings, MT: Billings Logan International"
BIM,"Bimini, The Bahamas: Bimini International"
BIN,"Bamyan, Afghanistan: Bamyan Airport"
BIO,"Bilbao, Spain: Bilbao Airport"
BIP,"Bulimba, Australia: Bulimba Airport"
BIQ,"Biarritz, France: Biarritz Bayonne Anglet"
BIR,"Biratnagar, Nepal: Biratnagar Airport"
BIS,"Bismarck/Mandan, ND: Bismarck Municipal"
BIV,"Bria, Central African Republic: Bria Airport"
BIX,"Biloxi, MS: Keesler AFB"
BJC,"Broomfield, CO: Rocky Mountain Metro"
BJI,"Bemidji, MN: Bemidji Regional"
BJJ,"Wooster, OH: Wayne County"
BJL,"Banjul, The Gambia: Banjul International"
BJM,"Bujumbura, Burundi: Bujumbura International"
BJR,"Bahir Dar, Ethiopia: Bahir Dar Airport"
BJU,"Bajura, Nepal: Bajura Airport"
BJV,"Bodrum, Turkey: Imsik"
BJX,"Leon/Guanajuato, Mexico: Guanajuato International"
BJZ,"Badajoz, Spain: Badajoz Airport"
BKC,"Buckland, AK: Buckland Airport"
BKE,"Baker, OR: Baker City Municipal"
BKF,"Brooks Lake, AK: Brooks Lake Airport"
BKG,"Branson, MO: Branson Airport"
BKH,"Kekaha, Kauai, HI: Barking Sands PMRF"
BKI,"Kota Kinabalu, Malaysia: Kota Kinabalu International"
BKK,"Bangkok, Thailand: Suvarnabhumi International"
BKL,"Cleveland, OH: Burke Lakefront"
BKM,"Bakelalan, Malaysia: Bakelalan Airport"
BKO,"Bamako, Mali: Senou"
BKQ,"Blackall, Australia: Blackall Airport"
BKS,"Bengkulu, Indonesia: Fatmawati Soekarno"
BKU,"Betioky, Madagascar: Betioky Airport"
BKW,"Beckley, WV: Raleigh County Memorial"
BKX,"Brookings, SD: Brookings Regional"
BKY,"Bukavu, Congo (Kinshasa): Bukavu Kavumu"
BKZ,"Bukoba, Tanzania: Bukoba Airport"
BLA,"Barcelona, Venezuela: General Jose Antonio Anzoategui International"
BLB,"Balboa, Panama: Albrook AFB"
BLC,"Bali, Cameroon: Bali Airport"
BLD,"Boulder City, NV: Boulder City Municipal"
BLE,"Borlange, Sweden: Borlange Airport"
BLF,"Princeton/Bluefield, WV: Mercer County"
BLG,"Belaga, Malaysia: Belaga Airport"
BLH,"Blythe, CA: Blythe Airport"
BLI,"Bellingham, WA: Bellingham International"
BLJ,"Batna, Algeria: Mostepha Ben Boulaid"
BLK,"Blackpool, United Kingdom: Blackpool Airport"
BLL,"Billund, Denmark: Billund Airport"
BLM,"Belmar/Farmingdale, NJ: Monmouth Executive"
BLO,"Blonduos, Iceland: Blonduos Airport"
BLP,"Bellavista, Peru: Bellavista 1"
BLQ,"Bologna, Italy: Bologna Airport"
BLR,"Bangalore, India: Kempegowda International"
BLT,"Blackwater, Australia: Blackwater Airport"
BLV,"Belleville, IL: Scott AFB/MidAmerica"
BLZ,"Blantyre, Malawi: Chileka International"
BMA,"Stockholm, Sweden: Bromma"
BMB,"Bumba, Congo (Kinshasa): Bumba Airport"
BMC,"Brigham City, UT: Brigham City Airport"
BMD,"Belo, Madagascar: Belo Sur Tsiribihina"
BME,"Broome, Australia: Broome International"
BMG,"Bloomington, IN: Monroe County"
BMH,"Bomai, Papua New Guinea: Bomai Airport"
BMI,"Bloomington/Normal, IL: Central Illinois Regional"
BMJ,"Baramita, Guyana: Baramita Airport"
BML,"Berlin, NH: Berlin Regional"
BMM,"Bitam, Gabon: Bitam Airport"
BMO,"Bhamo, Burma: Banmaw"
BMP,"Brampton Island, Australia: Brampton Island Airport"
BMV,"Ban Me Thout, Vietnam: Buon Ma Thuot"
BMW,"Bordj Badji Mokhtar, Algeria: Bordj Mokhtar"
BMX,"Big Mountain, AK: Big Mountain AFS"
BNA,"Nashville, TN: Nashville International"
BNB,"Boende, Congo (Kinshasa): Boende Airport"
BND,"Bandar Abbas, Iran: Bandar Abbas International"
BNE,"Brisbane, Australia: Brisbane International"
BNF,"Baranof, AK: Warm Spring Bay Seaplane Base"
BNG,"Banning, CA: Banning Municipal"
BNI,"Benin City, Nigeria: Benin City Airport"
BNK,"Ballina, Australia: Ballina Byron Gateway"
BNL,"Barnwell, SC: Barnwell Regional"
BNN,"Bronnoysund, Norway: Bronnoy"
BNO,"Burns, OR: Burns Municipal"
BNS,"Barinas, Venezuela: Barinas Airport"
BNX,"Banja Luka, Bosnia and Herzegovina: Banja Luka Airport"
BNZ,"Banz, Papua New Guinea: Banz Airport"
BOA,"Boma, Congo (Kinshasa): Boma Airport"
BOB,"Bora Bora, French Polynesia: Bora Bora Motu Mute"
BOC,"Bocas del Toro, Panama: Bocas del Toro International"
BOD,"Bordeaux, France: Bordeaux Merignac"
BOG,"Bogota, Colombia: El Dorado International"
BOH,"Bournemouth, United Kingdom: Bournemouth Airport"
BOI,"Boise, ID: Boise Air Terminal"
BOJ,"Burgas, Bulgaria: Burgas Airport"
BOK,"Brookings, OR: Brookings Airport"
BOM,"Mumbai, India: Chhatrapati Shivaji International"
BON,"Bonaire, Bonaire, Sint Eustatius, and Saba: Flamingo International"
BOO,"Bodo, Norway: Bodo Airport"
BOQ,"Boku, Papua New Guinea: Boku Airport"
BOR,"Belfort, France: Fontaine"
BOS,"Boston, MA: Logan International"
BOW,"Bartow, FL: Bartow Municipal"
BOX,"Borroloola, Australia: Borroloola Airport"
BOY,"Bobo Dioulasso, Burkina Faso: Bobo Dioulasso Airport"
BPH,"Bislig, Philippines: Bislig Airport"
BPI,"Big Piney, WY: Miley Memorial Field"
BPN,"Balikpapan, Indonesia: Sultan Aji Muhammad Sulaiman Sepinggan"
BPS,"Porto Seguro, Brazil: Porto Seguro Airport"
BPT,"Beaumont/Port Arthur, TX: Jack Brooks Regional"
BQA,"Baler, Philippines: Baler Airport"
BQH,"London, United Kingdom: Biggin Hill"
BQK,"Brunswick, GA: Brunswick Golden Isles"
BQN,"Aguadilla, PR: Rafael Hernandez"
BQS,"Blagoveschensk, Russia: Blagoveshchensk"
BQU,"Bequia, Saint Vincent and the Grenadines: J. F. Mitchell"
BQV,"Bartlett Cove, AK: Bartlett Cove Seaplane Base"
BR1,"Parana, Brazil: Pato Branco"
BR2,"Porto Belo, Brazil: Costa Esmeralda"
BRA,"Barreiras, Brazil: Barreiras Airport"
BRC,"San Carlos de Bariloche, Argentina: San Carlos de Bariloche Airport"
BRD,"Brainerd, MN: Brainerd Lakes Regional"
BRE,"Bremen, Germany: Bremen Airport"
BRG,"Whitesburg, KY: Whitesburg Municipal"
BRI,"Bari, Italy: Bari Airport"
BRK,"Bourke, Australia: Bourke Airport"
BRL,"Burlington, IA: Southeast Iowa Regional"
BRM,"Barquisimeto, Venezuela: Barquisimeto International"
BRN,"Berne, Switzerland: Bern/Belp"
BRO,"Brownsville, TX: Brownsville South Padre Island International"
BRQ,"Brno, Czech Republic: Turany"
BRR,"Barra, United Kingdom: Barra Airport"
BRS,"Bristol, United Kingdom: Bristol Airport"
BRT,"Bathurst Island, Australia: Bathurst Island Airport"
BRU,"Brussels, Belgium: Brussels National"
BRV,"Bremerhaven, Germany: Bremerhaven Airport"
BRW,"Barrow, AK: Wiley Post/Will Rogers Memorial"
BRX,"Barahona, Dominican Republic: Barahona Habanero"
BRY,"Bardstown, KY: Samuels Field"
BSA,"Bosaso, Somalia: Bosaso Airport"
BSB,"Brasilia, Brazil: Presidente Juscelino Kubitschek International"
BSD,"Baoshan, China: Baoshan Airport"
BSG,"Bata, Equatorial Guinea: Bata Airport"
BSK,"Biskra, Algeria: Mohamed Khider"
BSL,"Mulhouse, France: EuroAirport"
BSM,"Austin, TX: Austin - Bergstrom International"
BSO,"Basco, Philippines: Basco Airport"
BSQ,"Bisbee, AZ: Bisbee Municipal"
BSR,"Basra, Iraq: Basrah International"
BSS,"Balsas, Brazil: Balsas Airport"
BSU,"Basankusu, Congo (Kinshasa): Basankusu Airport"
BSW,"Boswell Bay, AK: Boswell Bay Airport"
BSZ,"Bartletts, AK: Bartletts Airport"
BTA,"Bertoua, Cameroon: Bertoua Airport"
BTC,"Batticaloa, Sri Lanka: Batticaloa Airport"
BTE,"Bonthe, Sierra Leone: Bonthe Airport"
BTH,"Batu Besar, Indonesia: Batu Besar Airport"
BTI,"Barter Island, AK: Barter Island Airport"
BTJ,"Banda Aceh, Indonesia: Sultan Iskandar Muda"
BTK,"Bratsk, Russia: Bratsk Airport"
BTL,"Battle Creek, MI: W K Kellogg"
BTM,"Butte, MT: Bert Mooney"
BTP,"Butler, PA: Butler County/K. W. Scholter Field"
BTR,"Baton Rouge, LA: Baton Rouge Metropolitan/Ryan Field"
BTS,"Bratislava, Slovakia: M. R. Stefanik International"
BTT,"Bettles, AK: Bettles Airport"
BTU,"Bintulu, Malaysia: Bintulu Airport"
BTV,"Burlington, VT: Burlington International"
BTY,"Beatty, NV: Beatty Airport"
BTZ,"Bursa, Turkey: Bursa Airport"
BUA,"Buka Islands, Papua New Guinea: Buka"
BUC,"Burketown, Australia: Burketown Airport"
BUD,"Budapest, Hungary: Budapest Liszt Ferenc International"
BUE,"Buenos Aires, Argentina: Buenos Aires Metropolitan Area"
BUF,"Buffalo, NY: Buffalo Niagara International"
BUG,"Benguela, Angola: 17 de Setembro"
BUH,"Bucharest, Romania: Bucharest Metropolitan Area"
BUL,"Bulolo, Papua New Guinea: Bulolo Airport"
BUM,"Butler, MO: Butler Memorial"
BUN,"Buenaventura, Colombia: Gerardo Tobar Lopez"
BUO,"Burao, Somalia: Burao Airport"
BUQ,"Bulawayo, Zimbabwe: J. M. Nkomo International"
BUR,"Burbank, CA: Bob Hope"
BUS,"Batumi, Georgia: Batumi Airport"
BUU,"Buyo, Cote d'Ivoire: Buyo Airport"
BUV,"Bella Union, Uruguay: Bella Union Airport"
BUX,"Bunia, Congo (Kinshasa): Bunia Airport"
BUY,"Bunbury, Australia: Bunbury Airport"
BUZ,"Bushehr, Iran: Bushehr Airport"
BVA,"Beauvais, France: Beauvais Tille"
BVB,"Boa Vista, Brazil: Atlas Brasil Cantanhede"
BVD,"Beaver Inlet, AK: Beaver Inlet Seaport"
BVI,"Birdsville, Australia: Birdsville Airport"
BVO,"Bartlesville, OK: Bartlesville Municipal"
BVR,"St. James, MI: Beaver Island"
BVU,"Beluga, AK: Beluga Airport"
BVX,"Batesville, AR: Batesville Regional"
BVY,"Beverly, MA: Beverly Municipal"
BW1,"Tebepahwa, Botswana: Thebephatshwa"
BWA,"Bhairawa, Nepal: Gautam Buddha"
BWD,"Brownwood, TX: Brownwood Regional"
BWE,"Braunschweig, Germany: Braunschweig/Wolfsburg"
BWG,"Bowling Green, KY: Bowling Green-Warren County Regional"
BWH,"Butterworth, Malaysia: Butterworth Airport"
BWI,"Baltimore, MD: Baltimore/Washington International Thurgood Marshall"
BWJ,"Bawan, Papua New Guinea: Bawan Airport"
BWM,"Bowman, ND: Bowman Municipal"
BWN,"Bandar Seri Begawan, Brunei: Brunei International"
BWS,"Blaine, WA: Blaine Municipal"
BWT,"Burnie, Australia: Wynyard"
BWY,"Woodbridge, United Kingdom: RAF Bentwaters"
BXC,"Boxborough, MA: Sheraton Inn Heliport"
BXD,"Bade, Indonesia: Bade Airport"
BXE,"Bakel, Senegal: Bakel Airport"
BXO,"Bissau, Guinea-Bissau: Bissau Airport"
BXS,"Borrego Springs, CA: Borrego Valley"
BXU,"Butuan, Philippines: Bancasi"
BYA,"Boundary, AK: Boundary Airport"
BYC,"Yacuiba, Bolivia: Yacuiba Airport"
BYF,"Albert, France: Albert Bray"
BYG,"Buffalo, WY: Johnson County"
BYH,"Blytheville, AR: Arkansas International"
BYI,"Burley/Rupert, ID: Burley Municipal"
BYK,"Bouake, Cote d'Ivoire: Bouake Airport"
BYN,"Bayankhongor, Mongolia: Bayankhongor Airport"
BYT,"Bantry, Ireland: Bantry Airport"
BYU,"Bayreuth, Germany: Bayreuth Airport"
BYW,"Blakely Island, WA: Blakely Island Airport"
BZA,"Bonanza, Nicaragua: Bonanza Airport"
BZE,"Belize City, Belize: Philip S. W. Goldson International"
BZG,"Bydgoszcz, Poland: Szwederowo"
BZI,"Balikesir, Turkey: Balikesir Airport"
BZN,"Bozeman, MT: Bozeman Yellowstone International"
BZO,"Bolzano, Italy: Bolzano Airport"
BZR,"Beziers, France: Beziers Vias"
BZS,"Washington, DC: Buzzards Point Seaplane Base"
BZT,"Brazoria, TX: Eagle Air Park"
BZV,"Brazzaville, Congo (Brazaville): Maya Maya"
BZZ,"Brize Norton, United Kingdom: Brize Norton Airport"
C01,"Camarillo, CA: Camarillo Airport"
C02,"Bakersfield, CA: Bakersfield Municipal"
C1A,"Patterson, CA: Del Mar Farms"
CA1,"Koala Mine, Canada: Koala Mine Airport"
CA2,"Lake Simcoe, Canada: Lake Simcoe Airport"
CA3,"Thetford Mines, Canada: Thetford Mines Airport"
CA4,"Pelee Island, Canada: Pelee Island Airport"
CA5,"Calgary, Canada: Calgary Springbank"
CA6,"Chemehuevi Valley, CA: Chemehuevi Valley Airport"
CA7,"Tracy, CA: Tracy Municipal"
CA9,"Steep Island, Canada: Steep Island Lodge"
CAB,"Cabinda, Angola: Cabinda Airport"
CAC,"Cascavel, Brazil: Cascavel Airport"
CAD,"Cadillac, MI: Wexford County"
CAE,"Columbia, SC: Columbia Metropolitan"
CAF,"Carauari, Brazil: Carauari Airport"
CAG,"Cagliari, Italy: Elmas"
CAH,"Ca Mau, Vietnam: Ca Mau Airport"
CAI,"Cairo, Egypt: Cairo International"
CAJ,"Canaima, Venezuela: Canaima Airport"
CAK,"Akron, OH: Akron-Canton Regional"
CAL,"Campbeltown, United Kingdom: Campbeltown Airport"
CAM,"Camiri, Bolivia: Choreti"
CAN,"Guangzhou, China: Baiyun International"
CAP,"Cap-Haitien, Haiti: Cap-Haitien International"
CAR,"Caribou, ME: Caribou Municipal"
CAS,"Casablanca, Morocco: Anfa"
CAT,"New Bight, The Bahamas: New Bight Airport"
CAW,"Campos, Brazil: Bartolomeu Lisandro"
CAX,"Carlisle, United Kingdom: Carlisle Airport"
CAY,"Cayenne, French Guiana: Cayenne Felix Eboue"
CAZ,"Cobar, Australia: Cobar Airport"
CBA,"Corner Bay, AK: Corner Bay Airport"
CBB,"Cochabamba, Bolivia: Jorge Wilstermann International"
CBE,"Cumberland, MD: Greater Cumberland Regional"
CBF,"Council Bluffs, IA: Council Bluffs Municipal"
CBG,"Cambridge, United Kingdom: Cambridge Airport"
CBH,"Colomb-Bechar, Algeria: Bechar/Leger"
CBK,"Colby, KS: Murray"
CBL,"Ciudad Bolivar, Venezuela: Ciudad Bolivar Airport"
CBM,"Columbus, MS: Columbus AFB"
CBO,"Cotabato, Philippines: Cotabato Airport"
CBQ,"Calabar, Nigeria: Calabar Airport"
CBR,"Canberra, Australia: Canberra Airport"
CBV,"Coban, Guatemala: Coban Airport"
CBY,"Canobie, Australia: Canobie Airport"
CCC,"Cayo Coco, Cuba: Jardines del Rey International"
CCE,"Grand Case, Saint Martin: Grand Case Airport"
CCF,"Carcassonne, France: Carcassonne Salvaza"
CCH,"Chile Chico, Chile: Chile Chico Airport"
CCI,"Concordia, Brazil: Olavo Cecco Rigon"
CCJ,"Calicut, India: Calicut Airport"
CCK,"West Island, Cocos (Keeling) Islands: Cocos Keeling Island"
CCM,"Crisciuma, Brazil: Criciuma"
CCN,"Chakhcharan, Afghanistan: Chakhcharan Airport"
CCP,"Concepcion, Chile: Carriel Sur International"
CCR,"Concord, CA: Buchanan Field"
CCS,"Caracas, Venezuela: Simon Bolivar International"
CCU,"Kolkata, India: Netaji Subhash Chandra Bose International"
CCX,"Caceres, Brazil: Caceres Airport"
CCY,"Charles City, IA: Northeast Iowa Regional"
CCZ,"Chub Cay, The Bahamas: Chub Cay Airport"
CDB,"Cold Bay, AK: Cold Bay Airport"
CDC,"Cedar City, UT: Cedar City Regional"
CDF,"Cortina d'Ampezzo, Italy: Cortina d'Ampezzo Airport"
CDG,"Paris, France: Paris Charles de Gaulle"
CDH,"Camden, AR: Harrell Field"
CDJ,"Conceicao Do Araguaia, Brazil: Conceicao Do Araguaia Airport"
CDL,"Candle, AK: Candle 2"
CDN,"Camden, SC: Woodward Field"
CDR,"Chadron, NE: Chadron Municipal"
CDV,"Cordova, AK: Merle K Mudhole Smith"
CDW,"Caldwell, NJ: Essex County"
CEA,"Wichita, KS: Cessna Aircraft Field"
CEB,"Lapu-Lapu City, Philippines: Mactan-Cebu International"
CEC,"Crescent City, CA: Jack McNamara Field"
CED,"Ceduna, Australia: Ceduna Airport"
CEF,"Chicopee Falls, MA: Westover ARB Metropolitan"
CEG,"Chester, United Kingdom: Hawarden"
CEI,"Chiang Rai, Thailand: Chiang Rai Airport"
CEK,"Chelyabinsk, Russia: Chelyabinsk Airport"
CEL,"Cape Eleuthera, The Bahamas: Cape Eleuthera Airport"
CEM,"Central, AK: Central Airport"
CEN,"Ciudad Obregon, Mexico: Ciudad Obregon International"
CEO,"Waco Kungo, Angola: Waco Kungo Airport"
CEP,"Concepcion, Bolivia: Concepcion Airport"
CEQ,"Cannes, France: Cannes Mandelieu"
CER,"Cherbourg, France: Cherbourg Maupertus"
CET,"Cholet, France: Cholet Le Pontreau"
CEU,"Clemson, SC: Oconee County Regional"
CEV,"Connersville, IN: Mettel Field"
CEW,"Crestview, FL: Bob Sikes"
CEX,"Chena Hot Springs, AK: Chena Hot Springs Airport"
CEY,"Murray, KY: Kyle-Oakley Field"
CEZ,"Cortez, CO: Cortez Municipal"
CFA,"Coffee Point, AK: Coffee Point Airport"
CFB,"Cabo Frio, Brazil: Cabo Frio Airport"
CFE,"Clermont-Ferrand, France: Clermont Ferrand Auvergne"
CFG,"Cienfuegos, Cuba: Jaime Gonzalez"
CFQ,"Silver City, Canada: Silver City Airport"
CFR,"Caen, France: Caen Carpiquet"
CFS,"Coffs Harbour, Australia: Coffs Harbour Airport"
CFT,"Clifton, AZ: Greenlee County"
CFU,"Corfu, Greece: Ioannis Kapodistrias International"
CFV,"Coffeyville, KS: Coffeyville Municipal"
CGA,"Craig, AK: Craig Seaplane Base"
CGB,"Cuiaba, Brazil: Marechal Rondon International"
CGC,"Cape Gloucester, Papua New Guinea: Cape Gloucester Airport"
CGE,"Cambridge, MD: Cambridge-Dorchester"
